"url","status","bytes","title","canonical","robots","h1count","h1","error"
"https://www.globalsync-ai.com/","200","23808","GlobalSync AI — Free Time Zone Converter, World Clock &amp; Currency Tools","https://www.globalsync-ai.com/","index, follow, max-snippet:-1, max-image-preview:large, max-video-preview:-1","1","
          Time Zone Converter, World Clock & <span style=""color: #C8A96A; filter: drop-shadow(0 0 8px rgba(200,169,106,0.3));"">Currency Tools</span> for Remote Teams
        ",""
"https://www.globalsync-ai.com/about","200","18866","About GlobalSync AI | Time Zone &amp; Currency Tools","https://www.globalsync-ai.com/about","index, follow, max-snippet:-1, max-image-preview:large, max-video-preview:-1","1","About GlobalSync AI",""
"https://www.globalsync-ai.com/authors/ahmed-hussain","200","19171","Ahmed Hussain, Founder of GlobalSync AI | Author Profile","https://www.globalsync-ai.com/authors/ahmed-hussain","index, follow, max-snippet:-1, max-image-preview:large, max-video-preview:-1","1","Ahmed Hussain",""
"https://www.globalsync-ai.com/blog","200","19481","Remote Work, Time Zones &amp; Currency Blog | GlobalSync AI","https://www.globalsync-ai.com/blog","index, follow, max-snippet:-1, max-image-preview:large, max-video-preview:-1","1","GlobalSync AI Blog &amp; Guides",""
"https://www.globalsync-ai.com/blog/async-first-remote-team-operating-system","200","33561","Async-First Remote Team Operating System | GlobalSync AI","https://www.globalsync-ai.com/blog/async-first-remote-team-operating-system","index, follow, max-snippet:-1, max-image-preview:large, max-video-preview:-1","1","
              Async-First Remote Team Operating System: How Global Teams Stop Drowning in Meetings
            ",""
"https://www.globalsync-ai.com/blog/digital-nomad-currency-timezone-stack","200","29157","Digital Nomad Currency and Timezone Stack | GlobalSync AI","https://www.globalsync-ai.com/blog/digital-nomad-currency-timezone-stack","index, follow, max-snippet:-1, max-image-preview:large, max-video-preview:-1","1","
              Digital Nomad Currency and Timezone Stack: The Boring Setup That Makes Global Work Feel Calm
            ",""
"https://www.globalsync-ai.com/blog/mid-market-exchange-rate-freelancers","200","29173","Mid-Market Exchange Rate Explained for Freelancers | Glob...","https://www.globalsync-ai.com/blog/mid-market-exchange-rate-freelancers","index, follow, max-snippet:-1, max-image-preview:large, max-video-preview:-1","1","
              Mid-Market Exchange Rate for Freelancers: The Quiet Fee Hiding Inside Your Invoices
            ",""
"https://www.globalsync-ai.com/blog/remote-freelancer-retainer-pricing-guide","200","29120","Remote Freelancer Retainer Pricing Guide | GlobalSync AI","https://www.globalsync-ai.com/blog/remote-freelancer-retainer-pricing-guide","index, follow, max-snippet:-1, max-image-preview:large, max-video-preview:-1","1","
              Remote Freelancer Retainer Pricing: How to Stop Selling Hours and Start Protecting Margin
            ",""
"https://www.globalsync-ai.com/blog/remote-team-world-clock-best-practices","200","27738","Remote Team World Clock Best Practices for Distributed Wo...","https://www.globalsync-ai.com/blog/remote-team-world-clock-best-practices","index, follow, max-snippet:-1, max-image-preview:large, max-video-preview:-1","1","
              Remote Team World Clock Best Practices: The Small Habit That Prevents Ugly Scheduling Mistakes
            ",""
"https://www.globalsync-ai.com/blog/time-zone-converter-guide-international-meetings","200","28177","Time Zone Converter Guide for International Meetings | Gl...","https://www.globalsync-ai.com/blog/time-zone-converter-guide-international-meetings","index, follow, max-snippet:-1, max-image-preview:large, max-video-preview:-1","1","
              Time Zone Converter Guide: How to Schedule International Work Without Guessing
            ",""
"https://www.globalsync-ai.com/compare/best-time-zone-converter-remote-teams","200","13535","GlobalSync AI | Time Zone &amp; Currency Converter","https://www.globalsync-ai.com/compare/best-time-zone-converter-remote-teams","index, follow, max-snippet:-1, max-image-preview:large, max-video-preview:-1","1","
          Tool Comparison: GlobalSync AI vs BEST TIME ZONE CONVERTER REMOTE TEAMS
        ",""
"https://www.globalsync-ai.com/compare/every-time-zone-alternative","200","13505","GlobalSync AI | Time Zone &amp; Currency Converter","https://www.globalsync-ai.com/compare/every-time-zone-alternative","index, follow, max-snippet:-1, max-image-preview:large, max-video-preview:-1","1","
          Tool Comparison: GlobalSync AI vs EVERY TIME ZONE ALTERNATIVE
        ",""
"https://www.globalsync-ai.com/compare/timeanddate-alternative","200","13493","GlobalSync AI | Time Zone &amp; Currency Converter","https://www.globalsync-ai.com/compare/timeanddate-alternative","index, follow, max-snippet:-1, max-image-preview:large, max-video-preview:-1","1","
          Tool Comparison: GlobalSync AI vs TIMEANDDATE ALTERNATIVE
        ",""
"https://www.globalsync-ai.com/compare/world-time-buddy-alternative","200","13508","GlobalSync AI | Time Zone &amp; Currency Converter","https://www.globalsync-ai.com/compare/world-time-buddy-alternative","index, follow, max-snippet:-1, max-image-preview:large, max-video-preview:-1","1","
          Tool Comparison: GlobalSync AI vs WORLD TIME BUDDY ALTERNATIVE
        ",""
"https://www.globalsync-ai.com/contact","200","13841","Contact GlobalSync AI | Get in Touch","https://www.globalsync-ai.com/contact","index, follow, max-snippet:-1, max-image-preview:large, max-video-preview:-1","1","
          Contact Our Editorial & Technical Team
        ",""
"https://www.globalsync-ai.com/convert","200","29964","GlobalSync AI | Time Zone &amp; Currency Converter","https://www.globalsync-ai.com/convert","index, follow, max-snippet:-1, max-image-preview:large, max-video-preview:-1","1","Time Zone Converters",""
"https://www.globalsync-ai.com/convert/aest-to-est","200","23737","GlobalSync AI | Time Zone &amp; Currency Converter","https://www.globalsync-ai.com/convert/aest-to-est","index, follow, max-snippet:-1, max-image-preview:large, max-video-preview:-1","1","
            AEST to EST Time Zone Converter
          ",""
"https://www.globalsync-ai.com/convert/aest-to-pst","200","23973","GlobalSync AI | Time Zone &amp; Currency Converter","https://www.globalsync-ai.com/convert/aest-to-pst","index, follow, max-snippet:-1, max-image-preview:large, max-video-preview:-1","1","
            AEST to PST Time Zone Converter
          ",""
"https://www.globalsync-ai.com/convert/brt-to-est","200","24206","GlobalSync AI | Time Zone &amp; Currency Converter","https://www.globalsync-ai.com/convert/brt-to-est","index, follow, max-snippet:-1, max-image-preview:large, max-video-preview:-1","1","
            BRT to EST Time Zone Converter
          ",""
"https://www.globalsync-ai.com/convert/bst-to-est","200","24084","GlobalSync AI | Time Zone &amp; Currency Converter","https://www.globalsync-ai.com/convert/bst-to-est","index, follow, max-snippet:-1, max-image-preview:large, max-video-preview:-1","1","
            BST to EST Time Zone Converter
          ",""
"https://www.globalsync-ai.com/convert/cest-to-est","200","23968","GlobalSync AI | Time Zone &amp; Currency Converter","https://www.globalsync-ai.com/convert/cest-to-est","index, follow, max-snippet:-1, max-image-preview:large, max-video-preview:-1","1","
            CEST to EST Time Zone Converter
          ",""
"https://www.globalsync-ai.com/convert/cet-to-est","200","23958","GlobalSync AI | Time Zone &amp; Currency Converter","https://www.globalsync-ai.com/convert/cet-to-est","index, follow, max-snippet:-1, max-image-preview:large, max-video-preview:-1","1","
            CET to EST Time Zone Converter
          ",""
"https://www.globalsync-ai.com/convert/cet-to-ist","200","24006","GlobalSync AI | Time Zone &amp; Currency Converter","https://www.globalsync-ai.com/convert/cet-to-ist","index, follow, max-snippet:-1, max-image-preview:large, max-video-preview:-1","1","
            CET to IST Time Zone Converter
          ",""
"https://www.globalsync-ai.com/convert/cst-to-est","200","24537","GlobalSync AI | Time Zone &amp; Currency Converter","https://www.globalsync-ai.com/convert/cst-to-est","index, follow, max-snippet:-1, max-image-preview:large, max-video-preview:-1","1","
            CST to EST Time Zone Converter
          ",""
"https://www.globalsync-ai.com/convert/cst-to-pst","200","24418","GlobalSync AI | Time Zone &amp; Currency Converter","https://www.globalsync-ai.com/convert/cst-to-pst","index, follow, max-snippet:-1, max-image-preview:large, max-video-preview:-1","1","
            CST to PST Time Zone Converter
          ",""
"https://www.globalsync-ai.com/convert/est-to-aest","200","23739","GlobalSync AI | Time Zone &amp; Currency Converter","https://www.globalsync-ai.com/convert/est-to-aest","index, follow, max-snippet:-1, max-image-preview:large, max-video-preview:-1","1","
            EST to AEST Time Zone Converter
          ",""
"https://www.globalsync-ai.com/convert/est-to-cet","200","23960","GlobalSync AI | Time Zone &amp; Currency Converter","https://www.globalsync-ai.com/convert/est-to-cet","index, follow, max-snippet:-1, max-image-preview:large, max-video-preview:-1","1","
            EST to CET Time Zone Converter
          ",""
"https://www.globalsync-ai.com/convert/est-to-cst","200","24535","GlobalSync AI | Time Zone &amp; Currency Converter","https://www.globalsync-ai.com/convert/est-to-cst","index, follow, max-snippet:-1, max-image-preview:large, max-video-preview:-1","1","
            EST to CST Time Zone Converter
          ",""
"https://www.globalsync-ai.com/convert/est-to-gmt","200","24086","GlobalSync AI | Time Zone &amp; Currency Converter","https://www.globalsync-ai.com/convert/est-to-gmt","index, follow, max-snippet:-1, max-image-preview:large, max-video-preview:-1","1","
            EST to GMT Time Zone Converter
          ",""
"https://www.globalsync-ai.com/convert/est-to-ist","200","23522","GlobalSync AI | Time Zone &amp; Currency Converter","https://www.globalsync-ai.com/convert/est-to-ist","index, follow, max-snippet:-1, max-image-preview:large, max-video-preview:-1","1","
            EST to IST Time Zone Converter
          ",""
"https://www.globalsync-ai.com/convert/est-to-jst","200","23508","GlobalSync AI | Time Zone &amp; Currency Converter","https://www.globalsync-ai.com/convert/est-to-jst","index, follow, max-snippet:-1, max-image-preview:large, max-video-preview:-1","1","
            EST to JST Time Zone Converter
          ",""
"https://www.globalsync-ai.com/convert/est-to-pst","200","24300","GlobalSync AI | Time Zone &amp; Currency Converter","https://www.globalsync-ai.com/convert/est-to-pst","index, follow, max-snippet:-1, max-image-preview:large, max-video-preview:-1","1","
            EST to PST Time Zone Converter
          ",""
"https://www.globalsync-ai.com/convert/gmt-to-est","200","24084","GlobalSync AI | Time Zone &amp; Currency Converter","https://www.globalsync-ai.com/convert/gmt-to-est","index, follow, max-snippet:-1, max-image-preview:large, max-video-preview:-1","1","
            GMT to EST Time Zone Converter
          ",""
"https://www.globalsync-ai.com/convert/gmt-to-ist","200","23896","GlobalSync AI | Time Zone &amp; Currency Converter","https://www.globalsync-ai.com/convert/gmt-to-ist","index, follow, max-snippet:-1, max-image-preview:large, max-video-preview:-1","1","
            GMT to IST Time Zone Converter
          ",""
"https://www.globalsync-ai.com/convert/gmt-to-pst","200","23730","GlobalSync AI | Time Zone &amp; Currency Converter","https://www.globalsync-ai.com/convert/gmt-to-pst","index, follow, max-snippet:-1, max-image-preview:large, max-video-preview:-1","1","
            GMT to PST Time Zone Converter
          ",""
"https://www.globalsync-ai.com/convert/gst-to-est","200","23503","GlobalSync AI | Time Zone &amp; Currency Converter","https://www.globalsync-ai.com/convert/gst-to-est","index, follow, max-snippet:-1, max-image-preview:large, max-video-preview:-1","1","
            GST to EST Time Zone Converter
          ",""
"https://www.globalsync-ai.com/convert/ist-to-cet","200","23886","GlobalSync AI | Time Zone &amp; Currency Converter","https://www.globalsync-ai.com/convert/ist-to-cet","index, follow, max-snippet:-1, max-image-preview:large, max-video-preview:-1","1","
            IST to CET Time Zone Converter
          ",""
"https://www.globalsync-ai.com/convert/ist-to-est","200","23520","GlobalSync AI | Time Zone &amp; Currency Converter","https://www.globalsync-ai.com/convert/ist-to-est","index, follow, max-snippet:-1, max-image-preview:large, max-video-preview:-1","1","
            IST to EST Time Zone Converter
          ",""
"https://www.globalsync-ai.com/convert/ist-to-gmt","200","23776","GlobalSync AI | Time Zone &amp; Currency Converter","https://www.globalsync-ai.com/convert/ist-to-gmt","index, follow, max-snippet:-1, max-image-preview:large, max-video-preview:-1","1","
            IST to GMT Time Zone Converter
          ",""
"https://www.globalsync-ai.com/convert/ist-to-pst","200","23521","GlobalSync AI | Time Zone &amp; Currency Converter","https://www.globalsync-ai.com/convert/ist-to-pst","index, follow, max-snippet:-1, max-image-preview:large, max-video-preview:-1","1","
            IST to PST Time Zone Converter
          ",""
"https://www.globalsync-ai.com/convert/jst-to-est","200","23506","GlobalSync AI | Time Zone &amp; Currency Converter","https://www.globalsync-ai.com/convert/jst-to-est","index, follow, max-snippet:-1, max-image-preview:large, max-video-preview:-1","1","
            JST to EST Time Zone Converter
          ",""
"https://www.globalsync-ai.com/convert/jst-to-pst","200","23624","GlobalSync AI | Time Zone &amp; Currency Converter","https://www.globalsync-ai.com/convert/jst-to-pst","index, follow, max-snippet:-1, max-image-preview:large, max-video-preview:-1","1","
            JST to PST Time Zone Converter
          ",""
"https://www.globalsync-ai.com/convert/mst-to-est","200","24422","GlobalSync AI | Time Zone &amp; Currency Converter","https://www.globalsync-ai.com/convert/mst-to-est","index, follow, max-snippet:-1, max-image-preview:large, max-video-preview:-1","1","
            MST to EST Time Zone Converter
          ",""
"https://www.globalsync-ai.com/convert/nzst-to-pst","200","24213","GlobalSync AI | Time Zone &amp; Currency Converter","https://www.globalsync-ai.com/convert/nzst-to-pst","index, follow, max-snippet:-1, max-image-preview:large, max-video-preview:-1","1","
            NZST to PST Time Zone Converter
          ",""
"https://www.globalsync-ai.com/convert/pht-to-est","200","23516","GlobalSync AI | Time Zone &amp; Currency Converter","https://www.globalsync-ai.com/convert/pht-to-est","index, follow, max-snippet:-1, max-image-preview:large, max-video-preview:-1","1","
            PHT to EST Time Zone Converter
          ",""
"https://www.globalsync-ai.com/convert/pht-to-pst","200","23516","GlobalSync AI | Time Zone &amp; Currency Converter","https://www.globalsync-ai.com/convert/pht-to-pst","index, follow, max-snippet:-1, max-image-preview:large, max-video-preview:-1","1","
            PHT to PST Time Zone Converter
          ",""
"https://www.globalsync-ai.com/convert/pkt-to-est","200","23511","GlobalSync AI | Time Zone &amp; Currency Converter","https://www.globalsync-ai.com/convert/pkt-to-est","index, follow, max-snippet:-1, max-image-preview:large, max-video-preview:-1","1","
            PKT to EST Time Zone Converter
          ",""
"https://www.globalsync-ai.com/convert/pkt-to-pst","200","23512","GlobalSync AI | Time Zone &amp; Currency Converter","https://www.globalsync-ai.com/convert/pkt-to-pst","index, follow, max-snippet:-1, max-image-preview:large, max-video-preview:-1","1","
            PKT to PST Time Zone Converter
          ",""
"https://www.globalsync-ai.com/convert/pst-to-est","200","24302","GlobalSync AI | Time Zone &amp; Currency Converter","https://www.globalsync-ai.com/convert/pst-to-est","index, follow, max-snippet:-1, max-image-preview:large, max-video-preview:-1","1","
            PST to EST Time Zone Converter
          ",""
"https://www.globalsync-ai.com/convert/pst-to-gmt","200","23732","GlobalSync AI | Time Zone &amp; Currency Converter","https://www.globalsync-ai.com/convert/pst-to-gmt","index, follow, max-snippet:-1, max-image-preview:large, max-video-preview:-1","1","
            PST to GMT Time Zone Converter
          ",""
"https://www.globalsync-ai.com/convert/pst-to-ist","200","23523","GlobalSync AI | Time Zone &amp; Currency Converter","https://www.globalsync-ai.com/convert/pst-to-ist","index, follow, max-snippet:-1, max-image-preview:large, max-video-preview:-1","1","
            PST to IST Time Zone Converter
          ",""
"https://www.globalsync-ai.com/convert/sgt-to-est","200","23514","GlobalSync AI | Time Zone &amp; Currency Converter","https://www.globalsync-ai.com/convert/sgt-to-est","index, follow, max-snippet:-1, max-image-preview:large, max-video-preview:-1","1","
            SGT to EST Time Zone Converter
          ",""
"https://www.globalsync-ai.com/convert/sgt-to-pst","200","23514","GlobalSync AI | Time Zone &amp; Currency Converter","https://www.globalsync-ai.com/convert/sgt-to-pst","index, follow, max-snippet:-1, max-image-preview:large, max-video-preview:-1","1","
            SGT to PST Time Zone Converter
          ",""
"https://www.globalsync-ai.com/convert/utc-to-est","200","23873","GlobalSync AI | Time Zone &amp; Currency Converter","https://www.globalsync-ai.com/convert/utc-to-est","index, follow, max-snippet:-1, max-image-preview:large, max-video-preview:-1","1","
            UTC to EST Time Zone Converter
          ",""
"https://www.globalsync-ai.com/convert/utc-to-ist","200","23685","GlobalSync AI | Time Zone &amp; Currency Converter","https://www.globalsync-ai.com/convert/utc-to-ist","index, follow, max-snippet:-1, max-image-preview:large, max-video-preview:-1","1","
            UTC to IST Time Zone Converter
          ",""
"https://www.globalsync-ai.com/convert/utc-to-pst","200","23519","GlobalSync AI | Time Zone &amp; Currency Converter","https://www.globalsync-ai.com/convert/utc-to-pst","index, follow, max-snippet:-1, max-image-preview:large, max-video-preview:-1","1","
            UTC to PST Time Zone Converter
          ",""
"https://www.globalsync-ai.com/currency-converter","200","27490","Free Live Currency Converter | 160+ Rates | GlobalSync AI","https://www.globalsync-ai.com/currency-converter","index, follow, max-snippet:-1, max-image-preview:large, max-video-preview:-1","1","Free Live Currency Converter & Exchange Rates",""
"https://www.globalsync-ai.com/currency/aed-to-aud","200","27229","AED to AUD Live Exchange Rate | GlobalSync AI","https://www.globalsync-ai.com/currency/aed-to-aud","index, follow, max-snippet:-1, max-image-preview:large, max-video-preview:-1","1","
              AED to AUD Live Exchange Rate
            ",""
"https://www.globalsync-ai.com/currency/aed-to-brl","200","27192","AED to BRL Live Exchange Rate | GlobalSync AI","https://www.globalsync-ai.com/currency/aed-to-brl","index, follow, max-snippet:-1, max-image-preview:large, max-video-preview:-1","1","
              AED to BRL Live Exchange Rate
            ",""
"https://www.globalsync-ai.com/currency/aed-to-cad","200","27210","AED to CAD Live Exchange Rate | GlobalSync AI","https://www.globalsync-ai.com/currency/aed-to-cad","index, follow, max-snippet:-1, max-image-preview:large, max-video-preview:-1","1","
              AED to CAD Live Exchange Rate
            ",""
"https://www.globalsync-ai.com/currency/aed-to-eur","200","27109","AED to EUR Live Exchange Rate | GlobalSync AI","https://www.globalsync-ai.com/currency/aed-to-eur","index, follow, max-snippet:-1, max-image-preview:large, max-video-preview:-1","1","
              AED to EUR Live Exchange Rate
            ",""
"https://www.globalsync-ai.com/currency/aed-to-gbp","200","27191","AED to GBP Live Exchange Rate | GlobalSync AI","https://www.globalsync-ai.com/currency/aed-to-gbp","index, follow, max-snippet:-1, max-image-preview:large, max-video-preview:-1","1","
              AED to GBP Live Exchange Rate
            ",""
"https://www.globalsync-ai.com/currency/aed-to-inr","200","27181","AED to INR Live Exchange Rate | GlobalSync AI","https://www.globalsync-ai.com/currency/aed-to-inr","index, follow, max-snippet:-1, max-image-preview:large, max-video-preview:-1","1","
              AED to INR Live Exchange Rate
            ",""
"https://www.globalsync-ai.com/currency/aed-to-jpy","200","27162","AED to JPY Live Exchange Rate | GlobalSync AI","https://www.globalsync-ai.com/currency/aed-to-jpy","index, follow, max-snippet:-1, max-image-preview:large, max-video-preview:-1","1","
              AED to JPY Live Exchange Rate
            ",""
"https://www.globalsync-ai.com/currency/aed-to-ngn","200","27201","AED to NGN Live Exchange Rate | GlobalSync AI","https://www.globalsync-ai.com/currency/aed-to-ngn","index, follow, max-snippet:-1, max-image-preview:large, max-video-preview:-1","1","
              AED to NGN Live Exchange Rate
            ",""
"https://www.globalsync-ai.com/currency/aed-to-pkr","200","27191","AED to PKR Live Exchange Rate | GlobalSync AI","https://www.globalsync-ai.com/currency/aed-to-pkr","index, follow, max-snippet:-1, max-image-preview:large, max-video-preview:-1","1","
              AED to PKR Live Exchange Rate
            ",""
"https://www.globalsync-ai.com/currency/aed-to-sar","200","27172","AED to SAR Live Exchange Rate | GlobalSync AI","https://www.globalsync-ai.com/currency/aed-to-sar","index, follow, max-snippet:-1, max-image-preview:large, max-video-preview:-1","1","
              AED to SAR Live Exchange Rate
            ",""
"https://www.globalsync-ai.com/currency/aed-to-usd","200","27158","AED to USD Live Exchange Rate | GlobalSync AI","https://www.globalsync-ai.com/currency/aed-to-usd","index, follow, max-snippet:-1, max-image-preview:large, max-video-preview:-1","1","
              AED to USD Live Exchange Rate
            ",""
"https://www.globalsync-ai.com/currency/aud-to-aed","200","27229","AUD to AED Live Exchange Rate | GlobalSync AI","https://www.globalsync-ai.com/currency/aud-to-aed","index, follow, max-snippet:-1, max-image-preview:large, max-video-preview:-1","1","
              AUD to AED Live Exchange Rate
            ",""
"https://www.globalsync-ai.com/currency/aud-to-brl","200","27271","AUD to BRL Live Exchange Rate | GlobalSync AI","https://www.globalsync-ai.com/currency/aud-to-brl","index, follow, max-snippet:-1, max-image-preview:large, max-video-preview:-1","1","
              AUD to BRL Live Exchange Rate
            ",""
"https://www.globalsync-ai.com/currency/aud-to-cad","200","27289","AUD to CAD Live Exchange Rate | GlobalSync AI","https://www.globalsync-ai.com/currency/aud-to-cad","index, follow, max-snippet:-1, max-image-preview:large, max-video-preview:-1","1","
              AUD to CAD Live Exchange Rate
            ",""
"https://www.globalsync-ai.com/currency/aud-to-eur","200","27188","AUD to EUR Live Exchange Rate | GlobalSync AI","https://www.globalsync-ai.com/currency/aud-to-eur","index, follow, max-snippet:-1, max-image-preview:large, max-video-preview:-1","1","
              AUD to EUR Live Exchange Rate
            ",""
"https://www.globalsync-ai.com/currency/aud-to-gbp","200","27270","AUD to GBP Live Exchange Rate | GlobalSync AI","https://www.globalsync-ai.com/currency/aud-to-gbp","index, follow, max-snippet:-1, max-image-preview:large, max-video-preview:-1","1","
              AUD to GBP Live Exchange Rate
            ",""
"https://www.globalsync-ai.com/currency/aud-to-inr","200","27260","AUD to INR Live Exchange Rate | GlobalSync AI","https://www.globalsync-ai.com/currency/aud-to-inr","index, follow, max-snippet:-1, max-image-preview:large, max-video-preview:-1","1","
              AUD to INR Live Exchange Rate
            ",""
"https://www.globalsync-ai.com/currency/aud-to-jpy","200","27239","AUD to JPY Live Exchange Rate | GlobalSync AI","https://www.globalsync-ai.com/currency/aud-to-jpy","index, follow, max-snippet:-1, max-image-preview:large, max-video-preview:-1","1","
              AUD to JPY Live Exchange Rate
            ",""
"https://www.globalsync-ai.com/currency/aud-to-ngn","200","27280","AUD to NGN Live Exchange Rate | GlobalSync AI","https://www.globalsync-ai.com/currency/aud-to-ngn","index, follow, max-snippet:-1, max-image-preview:large, max-video-preview:-1","1","
              AUD to NGN Live Exchange Rate
            ",""
"https://www.globalsync-ai.com/currency/aud-to-pkr","200","27268","AUD to PKR Live Exchange Rate | GlobalSync AI","https://www.globalsync-ai.com/currency/aud-to-pkr","index, follow, max-snippet:-1, max-image-preview:large, max-video-preview:-1","1","
              AUD to PKR Live Exchange Rate
            ",""
"https://www.globalsync-ai.com/currency/aud-to-sar","200","27251","AUD to SAR Live Exchange Rate | GlobalSync AI","https://www.globalsync-ai.com/currency/aud-to-sar","index, follow, max-snippet:-1, max-image-preview:large, max-video-preview:-1","1","
              AUD to SAR Live Exchange Rate
            ",""
"https://www.globalsync-ai.com/currency/aud-to-usd","200","27237","AUD to USD Live Exchange Rate | GlobalSync AI","https://www.globalsync-ai.com/currency/aud-to-usd","index, follow, max-snippet:-1, max-image-preview:large, max-video-preview:-1","1","
              AUD to USD Live Exchange Rate
            ",""
"https://www.globalsync-ai.com/currency/brl-to-aed","200","27192","BRL to AED Live Exchange Rate | GlobalSync AI","https://www.globalsync-ai.com/currency/brl-to-aed","index, follow, max-snippet:-1, max-image-preview:large, max-video-preview:-1","1","
              BRL to AED Live Exchange Rate
            ",""
"https://www.globalsync-ai.com/currency/brl-to-aud","200","27271","BRL to AUD Live Exchange Rate | GlobalSync AI","https://www.globalsync-ai.com/currency/brl-to-aud","index, follow, max-snippet:-1, max-image-preview:large, max-video-preview:-1","1","
              BRL to AUD Live Exchange Rate
            ",""
"https://www.globalsync-ai.com/currency/brl-to-cad","200","27252","BRL to CAD Live Exchange Rate | GlobalSync AI","https://www.globalsync-ai.com/currency/brl-to-cad","index, follow, max-snippet:-1, max-image-preview:large, max-video-preview:-1","1","
              BRL to CAD Live Exchange Rate
            ",""
"https://www.globalsync-ai.com/currency/brl-to-eur","200","27151","BRL to EUR Live Exchange Rate | GlobalSync AI","https://www.globalsync-ai.com/currency/brl-to-eur","index, follow, max-snippet:-1, max-image-preview:large, max-video-preview:-1","1","
              BRL to EUR Live Exchange Rate
            ",""
"https://www.globalsync-ai.com/currency/brl-to-gbp","200","27233","BRL to GBP Live Exchange Rate | GlobalSync AI","https://www.globalsync-ai.com/currency/brl-to-gbp","index, follow, max-snippet:-1, max-image-preview:large, max-video-preview:-1","1","
              BRL to GBP Live Exchange Rate
            ",""
"https://www.globalsync-ai.com/currency/brl-to-inr","200","27223","BRL to INR Live Exchange Rate | GlobalSync AI","https://www.globalsync-ai.com/currency/brl-to-inr","index, follow, max-snippet:-1, max-image-preview:large, max-video-preview:-1","1","
              BRL to INR Live Exchange Rate
            ",""
"https://www.globalsync-ai.com/currency/brl-to-jpy","200","27204","BRL to JPY Live Exchange Rate | GlobalSync AI","https://www.globalsync-ai.com/currency/brl-to-jpy","index, follow, max-snippet:-1, max-image-preview:large, max-video-preview:-1","1","
              BRL to JPY Live Exchange Rate
            ",""
"https://www.globalsync-ai.com/currency/brl-to-ngn","200","27243","BRL to NGN Live Exchange Rate | GlobalSync AI","https://www.globalsync-ai.com/currency/brl-to-ngn","index, follow, max-snippet:-1, max-image-preview:large, max-video-preview:-1","1","
              BRL to NGN Live Exchange Rate
            ",""
"https://www.globalsync-ai.com/currency/brl-to-pkr","200","27233","BRL to PKR Live Exchange Rate | GlobalSync AI","https://www.globalsync-ai.com/currency/brl-to-pkr","index, follow, max-snippet:-1, max-image-preview:large, max-video-preview:-1","1","
              BRL to PKR Live Exchange Rate
            ",""
"https://www.globalsync-ai.com/currency/brl-to-sar","200","27214","BRL to SAR Live Exchange Rate | GlobalSync AI","https://www.globalsync-ai.com/currency/brl-to-sar","index, follow, max-snippet:-1, max-image-preview:large, max-video-preview:-1","1","
              BRL to SAR Live Exchange Rate
            ",""
"https://www.globalsync-ai.com/currency/brl-to-usd","200","27200","BRL to USD Live Exchange Rate | GlobalSync AI","https://www.globalsync-ai.com/currency/brl-to-usd","index, follow, max-snippet:-1, max-image-preview:large, max-video-preview:-1","1","
              BRL to USD Live Exchange Rate
            ",""
"https://www.globalsync-ai.com/currency/cad-to-aed","200","27210","CAD to AED Live Exchange Rate | GlobalSync AI","https://www.globalsync-ai.com/currency/cad-to-aed","index, follow, max-snippet:-1, max-image-preview:large, max-video-preview:-1","1","
              CAD to AED Live Exchange Rate
            ",""
"https://www.globalsync-ai.com/currency/cad-to-aud","200","27289","CAD to AUD Live Exchange Rate | GlobalSync AI","https://www.globalsync-ai.com/currency/cad-to-aud","index, follow, max-snippet:-1, max-image-preview:large, max-video-preview:-1","1","
              CAD to AUD Live Exchange Rate
            ",""
"https://www.globalsync-ai.com/currency/cad-to-brl","200","27252","CAD to BRL Live Exchange Rate | GlobalSync AI","https://www.globalsync-ai.com/currency/cad-to-brl","index, follow, max-snippet:-1, max-image-preview:large, max-video-preview:-1","1","
              CAD to BRL Live Exchange Rate
            ",""
"https://www.globalsync-ai.com/currency/cad-to-eur","200","27169","CAD to EUR Live Exchange Rate | GlobalSync AI","https://www.globalsync-ai.com/currency/cad-to-eur","index, follow, max-snippet:-1, max-image-preview:large, max-video-preview:-1","1","
              CAD to EUR Live Exchange Rate
            ",""
"https://www.globalsync-ai.com/currency/cad-to-gbp","200","27251","CAD to GBP Live Exchange Rate | GlobalSync AI","https://www.globalsync-ai.com/currency/cad-to-gbp","index, follow, max-snippet:-1, max-image-preview:large, max-video-preview:-1","1","
              CAD to GBP Live Exchange Rate
            ",""
"https://www.globalsync-ai.com/currency/cad-to-inr","200","27241","CAD to INR Live Exchange Rate | GlobalSync AI","https://www.globalsync-ai.com/currency/cad-to-inr","index, follow, max-snippet:-1, max-image-preview:large, max-video-preview:-1","1","
              CAD to INR Live Exchange Rate
            ",""
"https://www.globalsync-ai.com/currency/cad-to-jpy","200","27220","CAD to JPY Live Exchange Rate | GlobalSync AI","https://www.globalsync-ai.com/currency/cad-to-jpy","index, follow, max-snippet:-1, max-image-preview:large, max-video-preview:-1","1","
              CAD to JPY Live Exchange Rate
            ",""
"https://www.globalsync-ai.com/currency/cad-to-ngn","200","27261","CAD to NGN Live Exchange Rate | GlobalSync AI","https://www.globalsync-ai.com/currency/cad-to-ngn","index, follow, max-snippet:-1, max-image-preview:large, max-video-preview:-1","1","
              CAD to NGN Live Exchange Rate
            ",""
"https://www.globalsync-ai.com/currency/cad-to-pkr","200","27249","CAD to PKR Live Exchange Rate | GlobalSync AI","https://www.globalsync-ai.com/currency/cad-to-pkr","index, follow, max-snippet:-1, max-image-preview:large, max-video-preview:-1","1","
              CAD to PKR Live Exchange Rate
            ",""
"https://www.globalsync-ai.com/currency/cad-to-sar","200","27232","CAD to SAR Live Exchange Rate | GlobalSync AI","https://www.globalsync-ai.com/currency/cad-to-sar","index, follow, max-snippet:-1, max-image-preview:large, max-video-preview:-1","1","
              CAD to SAR Live Exchange Rate
            ",""
"https://www.globalsync-ai.com/currency/cad-to-usd","200","27218","CAD to USD Live Exchange Rate | GlobalSync AI","https://www.globalsync-ai.com/currency/cad-to-usd","index, follow, max-snippet:-1, max-image-preview:large, max-video-preview:-1","1","
              CAD to USD Live Exchange Rate
            ",""
"https://www.globalsync-ai.com/currency/eur-to-aed","200","27109","EUR to AED Live Exchange Rate | GlobalSync AI","https://www.globalsync-ai.com/currency/eur-to-aed","index, follow, max-snippet:-1, max-image-preview:large, max-video-preview:-1","1","
              EUR to AED Live Exchange Rate
            ",""
"https://www.globalsync-ai.com/currency/eur-to-aud","200","27188","EUR to AUD Live Exchange Rate | GlobalSync AI","https://www.globalsync-ai.com/currency/eur-to-aud","index, follow, max-snippet:-1, max-image-preview:large, max-video-preview:-1","1","
              EUR to AUD Live Exchange Rate
            ",""
"https://www.globalsync-ai.com/currency/eur-to-brl","200","27151","EUR to BRL Live Exchange Rate | GlobalSync AI","https://www.globalsync-ai.com/currency/eur-to-brl","index, follow, max-snippet:-1, max-image-preview:large, max-video-preview:-1","1","
              EUR to BRL Live Exchange Rate
            ",""
"https://www.globalsync-ai.com/currency/eur-to-cad","200","27169","EUR to CAD Live Exchange Rate | GlobalSync AI","https://www.globalsync-ai.com/currency/eur-to-cad","index, follow, max-snippet:-1, max-image-preview:large, max-video-preview:-1","1","
              EUR to CAD Live Exchange Rate
            ",""
"https://www.globalsync-ai.com/currency/eur-to-gbp","200","27150","EUR to GBP Live Exchange Rate | GlobalSync AI","https://www.globalsync-ai.com/currency/eur-to-gbp","index, follow, max-snippet:-1, max-image-preview:large, max-video-preview:-1","1","
              EUR to GBP Live Exchange Rate
            ",""
"https://www.globalsync-ai.com/currency/eur-to-inr","200","27138","EUR to INR Live Exchange Rate | GlobalSync AI","https://www.globalsync-ai.com/currency/eur-to-inr","index, follow, max-snippet:-1, max-image-preview:large, max-video-preview:-1","1","
              EUR to INR Live Exchange Rate
            ",""
"https://www.globalsync-ai.com/currency/eur-to-jpy","200","27119","EUR to JPY Live Exchange Rate | GlobalSync AI","https://www.globalsync-ai.com/currency/eur-to-jpy","index, follow, max-snippet:-1, max-image-preview:large, max-video-preview:-1","1","
              EUR to JPY Live Exchange Rate
            ",""
"https://www.globalsync-ai.com/currency/eur-to-ngn","200","27161","EUR to NGN Live Exchange Rate | GlobalSync AI","https://www.globalsync-ai.com/currency/eur-to-ngn","index, follow, max-snippet:-1, max-image-preview:large, max-video-preview:-1","1","
              EUR to NGN Live Exchange Rate
            ",""
"https://www.globalsync-ai.com/currency/eur-to-pkr","200","27148","EUR to PKR Live Exchange Rate | GlobalSync AI","https://www.globalsync-ai.com/currency/eur-to-pkr","index, follow, max-snippet:-1, max-image-preview:large, max-video-preview:-1","1","
              EUR to PKR Live Exchange Rate
            ",""
"https://www.globalsync-ai.com/currency/eur-to-sar","200","27131","EUR to SAR Live Exchange Rate | GlobalSync AI","https://www.globalsync-ai.com/currency/eur-to-sar","index, follow, max-snippet:-1, max-image-preview:large, max-video-preview:-1","1","
              EUR to SAR Live Exchange Rate
            ",""
"https://www.globalsync-ai.com/currency/eur-to-usd","200","27117","EUR to USD Live Exchange Rate | GlobalSync AI","https://www.globalsync-ai.com/currency/eur-to-usd","index, follow, max-snippet:-1, max-image-preview:large, max-video-preview:-1","1","
              EUR to USD Live Exchange Rate
            ",""
"https://www.globalsync-ai.com/currency/gbp-to-aed","200","27191","GBP to AED Live Exchange Rate | GlobalSync AI","https://www.globalsync-ai.com/currency/gbp-to-aed","index, follow, max-snippet:-1, max-image-preview:large, max-video-preview:-1","1","
              GBP to AED Live Exchange Rate
            ",""
"https://www.globalsync-ai.com/currency/gbp-to-aud","200","27270","GBP to AUD Live Exchange Rate | GlobalSync AI","https://www.globalsync-ai.com/currency/gbp-to-aud","index, follow, max-snippet:-1, max-image-preview:large, max-video-preview:-1","1","
              GBP to AUD Live Exchange Rate
            ",""
"https://www.globalsync-ai.com/currency/gbp-to-brl","200","27233","GBP to BRL Live Exchange Rate | GlobalSync AI","https://www.globalsync-ai.com/currency/gbp-to-brl","index, follow, max-snippet:-1, max-image-preview:large, max-video-preview:-1","1","
              GBP to BRL Live Exchange Rate
            ",""
"https://www.globalsync-ai.com/currency/gbp-to-cad","200","27251","GBP to CAD Live Exchange Rate | GlobalSync AI","https://www.globalsync-ai.com/currency/gbp-to-cad","index, follow, max-snippet:-1, max-image-preview:large, max-video-preview:-1","1","
              GBP to CAD Live Exchange Rate
            ",""
"https://www.globalsync-ai.com/currency/gbp-to-eur","200","27150","GBP to EUR Live Exchange Rate | GlobalSync AI","https://www.globalsync-ai.com/currency/gbp-to-eur","index, follow, max-snippet:-1, max-image-preview:large, max-video-preview:-1","1","
              GBP to EUR Live Exchange Rate
            ",""
"https://www.globalsync-ai.com/currency/gbp-to-inr","200","27220","GBP to INR Live Exchange Rate | GlobalSync AI","https://www.globalsync-ai.com/currency/gbp-to-inr","index, follow, max-snippet:-1, max-image-preview:large, max-video-preview:-1","1","
              GBP to INR Live Exchange Rate
            ",""
"https://www.globalsync-ai.com/currency/gbp-to-jpy","200","27201","GBP to JPY Live Exchange Rate | GlobalSync AI","https://www.globalsync-ai.com/currency/gbp-to-jpy","index, follow, max-snippet:-1, max-image-preview:large, max-video-preview:-1","1","
              GBP to JPY Live Exchange Rate
            ",""
"https://www.globalsync-ai.com/currency/gbp-to-ngn","200","27243","GBP to NGN Live Exchange Rate | GlobalSync AI","https://www.globalsync-ai.com/currency/gbp-to-ngn","index, follow, max-snippet:-1, max-image-preview:large, max-video-preview:-1","1","
              GBP to NGN Live Exchange Rate
            ",""
"https://www.globalsync-ai.com/currency/gbp-to-pkr","200","27230","GBP to PKR Live Exchange Rate | GlobalSync AI","https://www.globalsync-ai.com/currency/gbp-to-pkr","index, follow, max-snippet:-1, max-image-preview:large, max-video-preview:-1","1","
              GBP to PKR Live Exchange Rate
            ",""
"https://www.globalsync-ai.com/currency/gbp-to-sar","200","27213","GBP to SAR Live Exchange Rate | GlobalSync AI","https://www.globalsync-ai.com/currency/gbp-to-sar","index, follow, max-snippet:-1, max-image-preview:large, max-video-preview:-1","1","
              GBP to SAR Live Exchange Rate
            ",""
"https://www.globalsync-ai.com/currency/gbp-to-usd","200","27199","GBP to USD Live Exchange Rate | GlobalSync AI","https://www.globalsync-ai.com/currency/gbp-to-usd","index, follow, max-snippet:-1, max-image-preview:large, max-video-preview:-1","1","
              GBP to USD Live Exchange Rate
            ",""
"https://www.globalsync-ai.com/currency/inr-to-aed","200","27182","INR to AED Live Exchange Rate | GlobalSync AI","https://www.globalsync-ai.com/currency/inr-to-aed","index, follow, max-snippet:-1, max-image-preview:large, max-video-preview:-1","1","
              INR to AED Live Exchange Rate
            ",""
"https://www.globalsync-ai.com/currency/inr-to-aud","200","27261","INR to AUD Live Exchange Rate | GlobalSync AI","https://www.globalsync-ai.com/currency/inr-to-aud","index, follow, max-snippet:-1, max-image-preview:large, max-video-preview:-1","1","
              INR to AUD Live Exchange Rate
            ",""
"https://www.globalsync-ai.com/currency/inr-to-brl","200","27224","INR to BRL Live Exchange Rate | GlobalSync AI","https://www.globalsync-ai.com/currency/inr-to-brl","index, follow, max-snippet:-1, max-image-preview:large, max-video-preview:-1","1","
              INR to BRL Live Exchange Rate
            ",""
"https://www.globalsync-ai.com/currency/inr-to-cad","200","27242","INR to CAD Live Exchange Rate | GlobalSync AI","https://www.globalsync-ai.com/currency/inr-to-cad","index, follow, max-snippet:-1, max-image-preview:large, max-video-preview:-1","1","
              INR to CAD Live Exchange Rate
            ",""
"https://www.globalsync-ai.com/currency/inr-to-eur","200","27141","INR to EUR Live Exchange Rate | GlobalSync AI","https://www.globalsync-ai.com/currency/inr-to-eur","index, follow, max-snippet:-1, max-image-preview:large, max-video-preview:-1","1","
              INR to EUR Live Exchange Rate
            ",""
"https://www.globalsync-ai.com/currency/inr-to-gbp","200","27223","INR to GBP Live Exchange Rate | GlobalSync AI","https://www.globalsync-ai.com/currency/inr-to-gbp","index, follow, max-snippet:-1, max-image-preview:large, max-video-preview:-1","1","
              INR to GBP Live Exchange Rate
            ",""
"https://www.globalsync-ai.com/currency/inr-to-jpy","200","27195","INR to JPY Live Exchange Rate | GlobalSync AI","https://www.globalsync-ai.com/currency/inr-to-jpy","index, follow, max-snippet:-1, max-image-preview:large, max-video-preview:-1","1","
              INR to JPY Live Exchange Rate
            ",""
"https://www.globalsync-ai.com/currency/inr-to-ngn","200","27235","INR to NGN Live Exchange Rate | GlobalSync AI","https://www.globalsync-ai.com/currency/inr-to-ngn","index, follow, max-snippet:-1, max-image-preview:large, max-video-preview:-1","1","
              INR to NGN Live Exchange Rate
            ",""
"https://www.globalsync-ai.com/currency/inr-to-pkr","200","27224","INR to PKR Live Exchange Rate | GlobalSync AI","https://www.globalsync-ai.com/currency/inr-to-pkr","index, follow, max-snippet:-1, max-image-preview:large, max-video-preview:-1","1","
              INR to PKR Live Exchange Rate
            ",""
"https://www.globalsync-ai.com/currency/inr-to-sar","200","27204","INR to SAR Live Exchange Rate | GlobalSync AI","https://www.globalsync-ai.com/currency/inr-to-sar","index, follow, max-snippet:-1, max-image-preview:large, max-video-preview:-1","1","
              INR to SAR Live Exchange Rate
            ",""
"https://www.globalsync-ai.com/currency/inr-to-usd","200","27190","INR to USD Live Exchange Rate | GlobalSync AI","https://www.globalsync-ai.com/currency/inr-to-usd","index, follow, max-snippet:-1, max-image-preview:large, max-video-preview:-1","1","
              INR to USD Live Exchange Rate
            ",""
"https://www.globalsync-ai.com/currency/jpy-to-aed","200","27163","JPY to AED Live Exchange Rate | GlobalSync AI","https://www.globalsync-ai.com/currency/jpy-to-aed","index, follow, max-snippet:-1, max-image-preview:large, max-video-preview:-1","1","
              JPY to AED Live Exchange Rate
            ",""
"https://www.globalsync-ai.com/currency/jpy-to-aud","200","27242","JPY to AUD Live Exchange Rate | GlobalSync AI","https://www.globalsync-ai.com/currency/jpy-to-aud","index, follow, max-snippet:-1, max-image-preview:large, max-video-preview:-1","1","
              JPY to AUD Live Exchange Rate
            ",""
"https://www.globalsync-ai.com/currency/jpy-to-brl","200","27205","JPY to BRL Live Exchange Rate | GlobalSync AI","https://www.globalsync-ai.com/currency/jpy-to-brl","index, follow, max-snippet:-1, max-image-preview:large, max-video-preview:-1","1","
              JPY to BRL Live Exchange Rate
            ",""
"https://www.globalsync-ai.com/currency/jpy-to-cad","200","27223","JPY to CAD Live Exchange Rate | GlobalSync AI","https://www.globalsync-ai.com/currency/jpy-to-cad","index, follow, max-snippet:-1, max-image-preview:large, max-video-preview:-1","1","
              JPY to CAD Live Exchange Rate
            ",""
"https://www.globalsync-ai.com/currency/jpy-to-eur","200","27122","JPY to EUR Live Exchange Rate | GlobalSync AI","https://www.globalsync-ai.com/currency/jpy-to-eur","index, follow, max-snippet:-1, max-image-preview:large, max-video-preview:-1","1","
              JPY to EUR Live Exchange Rate
            ",""
"https://www.globalsync-ai.com/currency/jpy-to-gbp","200","27204","JPY to GBP Live Exchange Rate | GlobalSync AI","https://www.globalsync-ai.com/currency/jpy-to-gbp","index, follow, max-snippet:-1, max-image-preview:large, max-video-preview:-1","1","
              JPY to GBP Live Exchange Rate
            ",""
"https://www.globalsync-ai.com/currency/jpy-to-inr","200","27195","JPY to INR Live Exchange Rate | GlobalSync AI","https://www.globalsync-ai.com/currency/jpy-to-inr","index, follow, max-snippet:-1, max-image-preview:large, max-video-preview:-1","1","
              JPY to INR Live Exchange Rate
            ",""
"https://www.globalsync-ai.com/currency/jpy-to-ngn","200","27217","JPY to NGN Live Exchange Rate | GlobalSync AI","https://www.globalsync-ai.com/currency/jpy-to-ngn","index, follow, max-snippet:-1, max-image-preview:large, max-video-preview:-1","1","
              JPY to NGN Live Exchange Rate
            ",""
"https://www.globalsync-ai.com/currency/jpy-to-pkr","200","27205","JPY to PKR Live Exchange Rate | GlobalSync AI","https://www.globalsync-ai.com/currency/jpy-to-pkr","index, follow, max-snippet:-1, max-image-preview:large, max-video-preview:-1","1","
              JPY to PKR Live Exchange Rate
            ",""
"https://www.globalsync-ai.com/currency/jpy-to-sar","200","27185","JPY to SAR Live Exchange Rate | GlobalSync AI","https://www.globalsync-ai.com/currency/jpy-to-sar","index, follow, max-snippet:-1, max-image-preview:large, max-video-preview:-1","1","
              JPY to SAR Live Exchange Rate
            ",""
"https://www.globalsync-ai.com/currency/jpy-to-usd","200","27171","JPY to USD Live Exchange Rate | GlobalSync AI","https://www.globalsync-ai.com/currency/jpy-to-usd","index, follow, max-snippet:-1, max-image-preview:large, max-video-preview:-1","1","
              JPY to USD Live Exchange Rate
            ",""
"https://www.globalsync-ai.com/currency/ngn-to-aed","200","27204","NGN to AED Live Exchange Rate | GlobalSync AI","https://www.globalsync-ai.com/currency/ngn-to-aed","index, follow, max-snippet:-1, max-image-preview:large, max-video-preview:-1","1","
              NGN to AED Live Exchange Rate
            ",""
"https://www.globalsync-ai.com/currency/ngn-to-aud","200","27283","NGN to AUD Live Exchange Rate | GlobalSync AI","https://www.globalsync-ai.com/currency/ngn-to-aud","index, follow, max-snippet:-1, max-image-preview:large, max-video-preview:-1","1","
              NGN to AUD Live Exchange Rate
            ",""
"https://www.globalsync-ai.com/currency/ngn-to-brl","200","27246","NGN to BRL Live Exchange Rate | GlobalSync AI","https://www.globalsync-ai.com/currency/ngn-to-brl","index, follow, max-snippet:-1, max-image-preview:large, max-video-preview:-1","1","
              NGN to BRL Live Exchange Rate
            ",""
"https://www.globalsync-ai.com/currency/ngn-to-cad","200","27264","NGN to CAD Live Exchange Rate | GlobalSync AI","https://www.globalsync-ai.com/currency/ngn-to-cad","index, follow, max-snippet:-1, max-image-preview:large, max-video-preview:-1","1","
              NGN to CAD Live Exchange Rate
            ",""
"https://www.globalsync-ai.com/currency/ngn-to-eur","200","27163","NGN to EUR Live Exchange Rate | GlobalSync AI","https://www.globalsync-ai.com/currency/ngn-to-eur","index, follow, max-snippet:-1, max-image-preview:large, max-video-preview:-1","1","
              NGN to EUR Live Exchange Rate
            ",""
"https://www.globalsync-ai.com/currency/ngn-to-gbp","200","27245","NGN to GBP Live Exchange Rate | GlobalSync AI","https://www.globalsync-ai.com/currency/ngn-to-gbp","index, follow, max-snippet:-1, max-image-preview:large, max-video-preview:-1","1","
              NGN to GBP Live Exchange Rate
            ",""
"https://www.globalsync-ai.com/currency/ngn-to-inr","200","27236","NGN to INR Live Exchange Rate | GlobalSync AI","https://www.globalsync-ai.com/currency/ngn-to-inr","index, follow, max-snippet:-1, max-image-preview:large, max-video-preview:-1","1","
              NGN to INR Live Exchange Rate
            ",""
"https://www.globalsync-ai.com/currency/ngn-to-jpy","200","27217","NGN to JPY Live Exchange Rate | GlobalSync AI","https://www.globalsync-ai.com/currency/ngn-to-jpy","index, follow, max-snippet:-1, max-image-preview:large, max-video-preview:-1","1","
              NGN to JPY Live Exchange Rate
            ",""
"https://www.globalsync-ai.com/currency/ngn-to-pkr","200","27246","NGN to PKR Live Exchange Rate | GlobalSync AI","https://www.globalsync-ai.com/currency/ngn-to-pkr","index, follow, max-snippet:-1, max-image-preview:large, max-video-preview:-1","1","
              NGN to PKR Live Exchange Rate
            ",""
"https://www.globalsync-ai.com/currency/ngn-to-sar","200","27226","NGN to SAR Live Exchange Rate | GlobalSync AI","https://www.globalsync-ai.com/currency/ngn-to-sar","index, follow, max-snippet:-1, max-image-preview:large, max-video-preview:-1","1","
              NGN to SAR Live Exchange Rate
            ",""
"https://www.globalsync-ai.com/currency/ngn-to-usd","200","27212","NGN to USD Live Exchange Rate | GlobalSync AI","https://www.globalsync-ai.com/currency/ngn-to-usd","index, follow, max-snippet:-1, max-image-preview:large, max-video-preview:-1","1","
              NGN to USD Live Exchange Rate
            ",""
"https://www.globalsync-ai.com/currency/pkr-to-aed","200","27192","PKR to AED Live Exchange Rate | GlobalSync AI","https://www.globalsync-ai.com/currency/pkr-to-aed","index, follow, max-snippet:-1, max-image-preview:large, max-video-preview:-1","1","
              PKR to AED Live Exchange Rate
            ",""
"https://www.globalsync-ai.com/currency/pkr-to-aud","200","27271","PKR to AUD Live Exchange Rate | GlobalSync AI","https://www.globalsync-ai.com/currency/pkr-to-aud","index, follow, max-snippet:-1, max-image-preview:large, max-video-preview:-1","1","
              PKR to AUD Live Exchange Rate
            ",""
"https://www.globalsync-ai.com/currency/pkr-to-brl","200","27234","PKR to BRL Live Exchange Rate | GlobalSync AI","https://www.globalsync-ai.com/currency/pkr-to-brl","index, follow, max-snippet:-1, max-image-preview:large, max-video-preview:-1","1","
              PKR to BRL Live Exchange Rate
            ",""
"https://www.globalsync-ai.com/currency/pkr-to-cad","200","27252","PKR to CAD Live Exchange Rate | GlobalSync AI","https://www.globalsync-ai.com/currency/pkr-to-cad","index, follow, max-snippet:-1, max-image-preview:large, max-video-preview:-1","1","
              PKR to CAD Live Exchange Rate
            ",""
"https://www.globalsync-ai.com/currency/pkr-to-eur","200","27151","PKR to EUR Live Exchange Rate | GlobalSync AI","https://www.globalsync-ai.com/currency/pkr-to-eur","index, follow, max-snippet:-1, max-image-preview:large, max-video-preview:-1","1","
              PKR to EUR Live Exchange Rate
            ",""
"https://www.globalsync-ai.com/currency/pkr-to-gbp","200","27233","PKR to GBP Live Exchange Rate | GlobalSync AI","https://www.globalsync-ai.com/currency/pkr-to-gbp","index, follow, max-snippet:-1, max-image-preview:large, max-video-preview:-1","1","
              PKR to GBP Live Exchange Rate
            ",""
"https://www.globalsync-ai.com/currency/pkr-to-inr","200","27224","PKR to INR Live Exchange Rate | GlobalSync AI","https://www.globalsync-ai.com/currency/pkr-to-inr","index, follow, max-snippet:-1, max-image-preview:large, max-video-preview:-1","1","
              PKR to INR Live Exchange Rate
            ",""
"https://www.globalsync-ai.com/currency/pkr-to-jpy","200","27205","PKR to JPY Live Exchange Rate | GlobalSync AI","https://www.globalsync-ai.com/currency/pkr-to-jpy","index, follow, max-snippet:-1, max-image-preview:large, max-video-preview:-1","1","
              PKR to JPY Live Exchange Rate
            ",""
"https://www.globalsync-ai.com/currency/pkr-to-ngn","200","27246","PKR to NGN Live Exchange Rate | GlobalSync AI","https://www.globalsync-ai.com/currency/pkr-to-ngn","index, follow, max-snippet:-1, max-image-preview:large, max-video-preview:-1","1","
              PKR to NGN Live Exchange Rate
            ",""
"https://www.globalsync-ai.com/currency/pkr-to-sar","200","27214","PKR to SAR Live Exchange Rate | GlobalSync AI","https://www.globalsync-ai.com/currency/pkr-to-sar","index, follow, max-snippet:-1, max-image-preview:large, max-video-preview:-1","1","
              PKR to SAR Live Exchange Rate
            ",""
"https://www.globalsync-ai.com/currency/pkr-to-usd","200","27200","PKR to USD Live Exchange Rate | GlobalSync AI","https://www.globalsync-ai.com/currency/pkr-to-usd","index, follow, max-snippet:-1, max-image-preview:large, max-video-preview:-1","1","
              PKR to USD Live Exchange Rate
            ",""
"https://www.globalsync-ai.com/currency/sar-to-aed","200","27172","SAR to AED Live Exchange Rate | GlobalSync AI","https://www.globalsync-ai.com/currency/sar-to-aed","index, follow, max-snippet:-1, max-image-preview:large, max-video-preview:-1","1","
              SAR to AED Live Exchange Rate
            ",""
"https://www.globalsync-ai.com/currency/sar-to-aud","200","27251","SAR to AUD Live Exchange Rate | GlobalSync AI","https://www.globalsync-ai.com/currency/sar-to-aud","index, follow, max-snippet:-1, max-image-preview:large, max-video-preview:-1","1","
              SAR to AUD Live Exchange Rate
            ",""
"https://www.globalsync-ai.com/currency/sar-to-brl","200","27214","SAR to BRL Live Exchange Rate | GlobalSync AI","https://www.globalsync-ai.com/currency/sar-to-brl","index, follow, max-snippet:-1, max-image-preview:large, max-video-preview:-1","1","
              SAR to BRL Live Exchange Rate
            ",""
"https://www.globalsync-ai.com/currency/sar-to-cad","200","27232","SAR to CAD Live Exchange Rate | GlobalSync AI","https://www.globalsync-ai.com/currency/sar-to-cad","index, follow, max-snippet:-1, max-image-preview:large, max-video-preview:-1","1","
              SAR to CAD Live Exchange Rate
            ",""
"https://www.globalsync-ai.com/currency/sar-to-eur","200","27131","SAR to EUR Live Exchange Rate | GlobalSync AI","https://www.globalsync-ai.com/currency/sar-to-eur","index, follow, max-snippet:-1, max-image-preview:large, max-video-preview:-1","1","
              SAR to EUR Live Exchange Rate
            ",""
"https://www.globalsync-ai.com/currency/sar-to-gbp","200","27213","SAR to GBP Live Exchange Rate | GlobalSync AI","https://www.globalsync-ai.com/currency/sar-to-gbp","index, follow, max-snippet:-1, max-image-preview:large, max-video-preview:-1","1","
              SAR to GBP Live Exchange Rate
            ",""
"https://www.globalsync-ai.com/currency/sar-to-inr","200","27203","SAR to INR Live Exchange Rate | GlobalSync AI","https://www.globalsync-ai.com/currency/sar-to-inr","index, follow, max-snippet:-1, max-image-preview:large, max-video-preview:-1","1","
              SAR to INR Live Exchange Rate
            ",""
"https://www.globalsync-ai.com/currency/sar-to-jpy","200","27184","SAR to JPY Live Exchange Rate | GlobalSync AI","https://www.globalsync-ai.com/currency/sar-to-jpy","index, follow, max-snippet:-1, max-image-preview:large, max-video-preview:-1","1","
              SAR to JPY Live Exchange Rate
            ",""
"https://www.globalsync-ai.com/currency/sar-to-ngn","200","27223","SAR to NGN Live Exchange Rate | GlobalSync AI","https://www.globalsync-ai.com/currency/sar-to-ngn","index, follow, max-snippet:-1, max-image-preview:large, max-video-preview:-1","1","
              SAR to NGN Live Exchange Rate
            ",""
"https://www.globalsync-ai.com/currency/sar-to-pkr","200","27213","SAR to PKR Live Exchange Rate | GlobalSync AI","https://www.globalsync-ai.com/currency/sar-to-pkr","index, follow, max-snippet:-1, max-image-preview:large, max-video-preview:-1","1","
              SAR to PKR Live Exchange Rate
            ",""
"https://www.globalsync-ai.com/currency/sar-to-usd","200","27180","SAR to USD Live Exchange Rate | GlobalSync AI","https://www.globalsync-ai.com/currency/sar-to-usd","index, follow, max-snippet:-1, max-image-preview:large, max-video-preview:-1","1","
              SAR to USD Live Exchange Rate
            ",""
"https://www.globalsync-ai.com/currency/usd-to-aed","200","27158","USD to AED Live Exchange Rate | GlobalSync AI","https://www.globalsync-ai.com/currency/usd-to-aed","index, follow, max-snippet:-1, max-image-preview:large, max-video-preview:-1","1","
              USD to AED Live Exchange Rate
            ",""
"https://www.globalsync-ai.com/currency/usd-to-aud","200","27237","USD to AUD Live Exchange Rate | GlobalSync AI","https://www.globalsync-ai.com/currency/usd-to-aud","index, follow, max-snippet:-1, max-image-preview:large, max-video-preview:-1","1","
              USD to AUD Live Exchange Rate
            ",""
"https://www.globalsync-ai.com/currency/usd-to-brl","200","27200","USD to BRL Live Exchange Rate | GlobalSync AI","https://www.globalsync-ai.com/currency/usd-to-brl","index, follow, max-snippet:-1, max-image-preview:large, max-video-preview:-1","1","
              USD to BRL Live Exchange Rate
            ",""
"https://www.globalsync-ai.com/currency/usd-to-cad","200","27218","USD to CAD Live Exchange Rate | GlobalSync AI","https://www.globalsync-ai.com/currency/usd-to-cad","index, follow, max-snippet:-1, max-image-preview:large, max-video-preview:-1","1","
              USD to CAD Live Exchange Rate
            ",""
"https://www.globalsync-ai.com/currency/usd-to-eur","200","28224","USD to EUR Live Exchange Rate | GlobalSync AI","https://www.globalsync-ai.com/currency/usd-to-eur","index, follow, max-snippet:-1, max-image-preview:large, max-video-preview:-1","1","
              USD to EUR Live Exchange Rate
            ",""
"https://www.globalsync-ai.com/currency/usd-to-gbp","200","27771","USD to GBP Live Exchange Rate | GlobalSync AI","https://www.globalsync-ai.com/currency/usd-to-gbp","index, follow, max-snippet:-1, max-image-preview:large, max-video-preview:-1","1","
              USD to GBP Live Exchange Rate
            ",""
"https://www.globalsync-ai.com/currency/usd-to-inr","200","27580","USD to INR Live Exchange Rate | GlobalSync AI","https://www.globalsync-ai.com/currency/usd-to-inr","index, follow, max-snippet:-1, max-image-preview:large, max-video-preview:-1","1","
              USD to INR Live Exchange Rate
            ",""
"https://www.globalsync-ai.com/currency/usd-to-jpy","200","27168","USD to JPY Live Exchange Rate | GlobalSync AI","https://www.globalsync-ai.com/currency/usd-to-jpy","index, follow, max-snippet:-1, max-image-preview:large, max-video-preview:-1","1","
              USD to JPY Live Exchange Rate
            ",""
"https://www.globalsync-ai.com/currency/usd-to-ngn","200","27210","USD to NGN Live Exchange Rate | GlobalSync AI","https://www.globalsync-ai.com/currency/usd-to-ngn","index, follow, max-snippet:-1, max-image-preview:large, max-video-preview:-1","1","
              USD to NGN Live Exchange Rate
            ",""
"https://www.globalsync-ai.com/currency/usd-to-pkr","200","27547","USD to PKR Live Exchange Rate | GlobalSync AI","https://www.globalsync-ai.com/currency/usd-to-pkr","index, follow, max-snippet:-1, max-image-preview:large, max-video-preview:-1","1","
              USD to PKR Live Exchange Rate
            ",""
"https://www.globalsync-ai.com/currency/usd-to-sar","200","27180","USD to SAR Live Exchange Rate | GlobalSync AI","https://www.globalsync-ai.com/currency/usd-to-sar","index, follow, max-snippet:-1, max-image-preview:large, max-video-preview:-1","1","
              USD to SAR Live Exchange Rate
            ",""
"https://www.globalsync-ai.com/data-sources","200","13687","Data Sources | GlobalSync AI Time Zone &amp; Currency Data","https://www.globalsync-ai.com/data-sources","index, follow, max-snippet:-1, max-image-preview:large, max-video-preview:-1","1","
          GlobalSync AI Data Sources
        ",""
"https://www.globalsync-ai.com/editorial-policy","200","13522","Editorial Policy | GlobalSync AI","https://www.globalsync-ai.com/editorial-policy","index, follow, max-snippet:-1, max-image-preview:large, max-video-preview:-1","1","
          Editorial Integrity & Content Standards
        ",""
"https://www.globalsync-ai.com/freelance-rate","200","14791","GlobalSync AI | Time Zone &amp; Currency Converter","https://www.globalsync-ai.com/freelance-rate","index, follow, max-snippet:-1, max-image-preview:large, max-video-preview:-1","1","Freelance Rate & Currency Corridor Calculators",""
"https://www.globalsync-ai.com/freelance-rate/eur-to-inr","200","13621","GlobalSync AI | Time Zone &amp; Currency Converter","https://www.globalsync-ai.com/freelance-rate/eur-to-inr","index, follow, max-snippet:-1, max-image-preview:large, max-video-preview:-1","1","
          Freelance Rate Calculator: EUR to INR
        ",""
"https://www.globalsync-ai.com/freelance-rate/gbp-to-inr","200","13621","GlobalSync AI | Time Zone &amp; Currency Converter","https://www.globalsync-ai.com/freelance-rate/gbp-to-inr","index, follow, max-snippet:-1, max-image-preview:large, max-video-preview:-1","1","
          Freelance Rate Calculator: GBP to INR
        ",""
"https://www.globalsync-ai.com/freelance-rate/usd-to-brl","200","13621","GlobalSync AI | Time Zone &amp; Currency Converter","https://www.globalsync-ai.com/freelance-rate/usd-to-brl","index, follow, max-snippet:-1, max-image-preview:large, max-video-preview:-1","1","
          Freelance Rate Calculator: USD to BRL
        ",""
"https://www.globalsync-ai.com/freelance-rate/usd-to-cad","200","13621","GlobalSync AI | Time Zone &amp; Currency Converter","https://www.globalsync-ai.com/freelance-rate/usd-to-cad","index, follow, max-snippet:-1, max-image-preview:large, max-video-preview:-1","1","
          Freelance Rate Calculator: USD to CAD
        ",""
"https://www.globalsync-ai.com/freelance-rate/usd-to-eur","200","13621","GlobalSync AI | Time Zone &amp; Currency Converter","https://www.globalsync-ai.com/freelance-rate/usd-to-eur","index, follow, max-snippet:-1, max-image-preview:large, max-video-preview:-1","1","
          Freelance Rate Calculator: USD to EUR
        ",""
"https://www.globalsync-ai.com/freelance-rate/usd-to-gbp","200","13621","GlobalSync AI | Time Zone &amp; Currency Converter","https://www.globalsync-ai.com/freelance-rate/usd-to-gbp","index, follow, max-snippet:-1, max-image-preview:large, max-video-preview:-1","1","
          Freelance Rate Calculator: USD to GBP
        ",""
"https://www.globalsync-ai.com/freelance-rate/usd-to-inr","200","13621","GlobalSync AI | Time Zone &amp; Currency Converter","https://www.globalsync-ai.com/freelance-rate/usd-to-inr","index, follow, max-snippet:-1, max-image-preview:large, max-video-preview:-1","1","
          Freelance Rate Calculator: USD to INR
        ",""
"https://www.globalsync-ai.com/freelance-rate/usd-to-mxn","200","13621","GlobalSync AI | Time Zone &amp; Currency Converter","https://www.globalsync-ai.com/freelance-rate/usd-to-mxn","index, follow, max-snippet:-1, max-image-preview:large, max-video-preview:-1","1","
          Freelance Rate Calculator: USD to MXN
        ",""
"https://www.globalsync-ai.com/freelance-rate/usd-to-ngn","200","13621","GlobalSync AI | Time Zone &amp; Currency Converter","https://www.globalsync-ai.com/freelance-rate/usd-to-ngn","index, follow, max-snippet:-1, max-image-preview:large, max-video-preview:-1","1","
          Freelance Rate Calculator: USD to NGN
        ",""
"https://www.globalsync-ai.com/freelance-rate/usd-to-php","200","13621","GlobalSync AI | Time Zone &amp; Currency Converter","https://www.globalsync-ai.com/freelance-rate/usd-to-php","index, follow, max-snippet:-1, max-image-preview:large, max-video-preview:-1","1","
          Freelance Rate Calculator: USD to PHP
        ",""
"https://www.globalsync-ai.com/freelance-rate/usd-to-pkr","200","13621","GlobalSync AI | Time Zone &amp; Currency Converter","https://www.globalsync-ai.com/freelance-rate/usd-to-pkr","index, follow, max-snippet:-1, max-image-preview:large, max-video-preview:-1","1","
          Freelance Rate Calculator: USD to PKR
        ",""
"https://www.globalsync-ai.com/freelance-rate/usd-to-vnd","200","13621","GlobalSync AI | Time Zone &amp; Currency Converter","https://www.globalsync-ai.com/freelance-rate/usd-to-vnd","index, follow, max-snippet:-1, max-image-preview:large, max-video-preview:-1","1","
          Freelance Rate Calculator: USD to VND
        ",""
"https://www.globalsync-ai.com/freelancer-rate-converter","200","25702","Freelancer Rate Calculator | Hourly Rate to Salary | GlobalSync AI","https://www.globalsync-ai.com/freelancer-rate-converter","index, follow, max-snippet:-1, max-image-preview:large, max-video-preview:-1","1","Freelancer Rate Converter & W-2 Equivalent Calculator",""
"https://www.globalsync-ai.com/global-meeting-planner-for-remote-teams","200","14977","Remote Teams Meeting Planner | GlobalSync AI","https://www.globalsync-ai.com/global-meeting-planner-for-remote-teams","index, follow, max-snippet:-1, max-image-preview:large, max-video-preview:-1","1","
          Global Meeting Planner for Remote Teams
        ",""
"https://www.globalsync-ai.com/invoice","200","13585","Interactive Invoice Builder | GlobalSync AI","https://www.globalsync-ai.com/invoice","index, follow, max-snippet:-1, max-image-preview:large, max-video-preview:-1","1","
          Interactive Invoice Builder
        ",""
"https://www.globalsync-ai.com/meeting-overlap","200","13892","GlobalSync AI | Time Zone &amp; Currency Converter","https://www.globalsync-ai.com/meeting-overlap","index, follow, max-snippet:-1, max-image-preview:large, max-video-preview:-1","1","Best Meeting Times & Overlap Guides",""
"https://www.globalsync-ai.com/meeting-overlap/europe-asia","200","13577","GlobalSync AI | Time Zone &amp; Currency Converter","https://www.globalsync-ai.com/meeting-overlap/europe-asia","index, follow, max-snippet:-1, max-image-preview:large, max-video-preview:-1","1","
          Best Meeting Times Between Global Regions (EUROPE-ASIA)
        ",""
"https://www.globalsync-ai.com/meeting-overlap/uk-india","200","13565","GlobalSync AI | Time Zone &amp; Currency Converter","https://www.globalsync-ai.com/meeting-overlap/uk-india","index, follow, max-snippet:-1, max-image-preview:large, max-video-preview:-1","1","
          Best Meeting Times Between Global Regions (UK-INDIA)
        ",""
"https://www.globalsync-ai.com/meeting-overlap/us-australia","200","13581","GlobalSync AI | Time Zone &amp; Currency Converter","https://www.globalsync-ai.com/meeting-overlap/us-australia","index, follow, max-snippet:-1, max-image-preview:large, max-video-preview:-1","1","
          Best Meeting Times Between Global Regions (US-AUSTRALIA)
        ",""
"https://www.globalsync-ai.com/meeting-overlap/us-brazil","200","13569","GlobalSync AI | Time Zone &amp; Currency Converter","https://www.globalsync-ai.com/meeting-overlap/us-brazil","index, follow, max-snippet:-1, max-image-preview:large, max-video-preview:-1","1","
          Best Meeting Times Between Global Regions (US-BRAZIL)
        ",""
"https://www.globalsync-ai.com/meeting-overlap/us-europe","200","13569","GlobalSync AI | Time Zone &amp; Currency Converter","https://www.globalsync-ai.com/meeting-overlap/us-europe","index, follow, max-snippet:-1, max-image-preview:large, max-video-preview:-1","1","
          Best Meeting Times Between Global Regions (US-EUROPE)
        ",""
"https://www.globalsync-ai.com/meeting-overlap/us-india","200","13565","GlobalSync AI | Time Zone &amp; Currency Converter","https://www.globalsync-ai.com/meeting-overlap/us-india","index, follow, max-snippet:-1, max-image-preview:large, max-video-preview:-1","1","
          Best Meeting Times Between Global Regions (US-INDIA)
        ",""
"https://www.globalsync-ai.com/meeting-overlap/us-pakistan","200","13577","GlobalSync AI | Time Zone &amp; Currency Converter","https://www.globalsync-ai.com/meeting-overlap/us-pakistan","index, follow, max-snippet:-1, max-image-preview:large, max-video-preview:-1","1","
          Best Meeting Times Between Global Regions (US-PAKISTAN)
        ",""
"https://www.globalsync-ai.com/meeting-overlap/us-philippines","200","13589","GlobalSync AI | Time Zone &amp; Currency Converter","https://www.globalsync-ai.com/meeting-overlap/us-philippines","index, follow, max-snippet:-1, max-image-preview:large, max-video-preview:-1","1","
          Best Meeting Times Between Global Regions (US-PHILIPPINES)
        ",""
"https://www.globalsync-ai.com/meeting-planner","200","24966","Free Meeting Time Planner | Global Time Zones | GlobalSync AI","https://www.globalsync-ai.com/meeting-planner","index, follow, max-snippet:-1, max-image-preview:large, max-video-preview:-1","1","Meeting Planner &amp; Team Overlap Finder",""
"https://www.globalsync-ai.com/methodology","200","19539","Methodology | Data Sources &amp; AI | GlobalSync AI","https://www.globalsync-ai.com/methodology","index, follow, max-snippet:-1, max-image-preview:large, max-video-preview:-1","1","GlobalSync AI Data &amp; Rate Methodology",""
"https://www.globalsync-ai.com/press","200","15389","Press &amp; Media | GlobalSync AI","https://www.globalsync-ai.com/press","index, follow, max-snippet:-1, max-image-preview:large, max-video-preview:-1","1","
          Press & Media
        ",""
"https://www.globalsync-ai.com/privacy-policy","200","13532","Privacy Policy | GlobalSync AI","https://www.globalsync-ai.com/privacy-policy","index, follow, max-snippet:-1, max-image-preview:large, max-video-preview:-1","1","
          Privacy Policy & Data Protection
        ",""
"https://www.globalsync-ai.com/stripe-checkout","200","13206","Upgrade to GlobalSync Pro","https://www.globalsync-ai.com/stripe-checkout","noindex, nofollow","1","
          Upgrade to GlobalSync Pro
        ",""
"https://www.globalsync-ai.com/terms-of-service","200","13552","Terms of Service | GlobalSync AI","https://www.globalsync-ai.com/terms-of-service","index, follow, max-snippet:-1, max-image-preview:large, max-video-preview:-1","1","
          Terms of Service & Application Disclaimers
        ",""
"https://www.globalsync-ai.com/time-zone-converter","200","28496","Free Time Zone Converter | World Clock | GlobalSync AI","https://www.globalsync-ai.com/time-zone-converter","index, follow, max-snippet:-1, max-image-preview:large, max-video-preview:-1","1","Free Online Time Zone Converter & World Clock",""
"https://www.globalsync-ai.com/time/austin-to-bali","200","28204","Austin to Bali Time Difference | GlobalSync AI","https://www.globalsync-ai.com/time/austin-to-bali","index, follow, max-snippet:-1, max-image-preview:large, max-video-preview:-1","1","
              Austin to Bali Time Converter — Live World Clock
            ",""
"https://www.globalsync-ai.com/time/austin-to-berlin","200","28018","Austin to Berlin Time Difference | GlobalSync AI","https://www.globalsync-ai.com/time/austin-to-berlin","index, follow, max-snippet:-1, max-image-preview:large, max-video-preview:-1","1","
              Austin to Berlin Time Converter — Live World Clock
            ",""
"https://www.globalsync-ai.com/time/austin-to-dubai","200","28219","Austin to Dubai Time Difference | GlobalSync AI","https://www.globalsync-ai.com/time/austin-to-dubai","index, follow, max-snippet:-1, max-image-preview:large, max-video-preview:-1","1","
              Austin to Dubai Time Converter — Live World Clock
            ",""
"https://www.globalsync-ai.com/time/austin-to-lisbon","200","28280","Austin to Lisbon Time Difference | GlobalSync AI","https://www.globalsync-ai.com/time/austin-to-lisbon","index, follow, max-snippet:-1, max-image-preview:large, max-video-preview:-1","1","
              Austin to Lisbon Time Converter — Live World Clock
            ",""
"https://www.globalsync-ai.com/time/austin-to-london","200","28260","Austin to London Time Difference | GlobalSync AI","https://www.globalsync-ai.com/time/austin-to-london","index, follow, max-snippet:-1, max-image-preview:large, max-video-preview:-1","1","
              Austin to London Time Converter — Live World Clock
            ",""
"https://www.globalsync-ai.com/time/austin-to-mumbai","200","28254","Austin to Mumbai Time Difference | GlobalSync AI","https://www.globalsync-ai.com/time/austin-to-mumbai","index, follow, max-snippet:-1, max-image-preview:large, max-video-preview:-1","1","
              Austin to Mumbai Time Converter — Live World Clock
            ",""
"https://www.globalsync-ai.com/time/austin-to-new-york","200","28340","Austin to New York Time Difference | GlobalSync AI","https://www.globalsync-ai.com/time/austin-to-new-york","index, follow, max-snippet:-1, max-image-preview:large, max-video-preview:-1","1","
              Austin to New York Time Converter — Live World Clock
            ",""
"https://www.globalsync-ai.com/time/austin-to-san-francisco","200","28495","Austin to San Francisco Time Difference | GlobalSync AI","https://www.globalsync-ai.com/time/austin-to-san-francisco","index, follow, max-snippet:-1, max-image-preview:large, max-video-preview:-1","1","
              Austin to San Francisco Time Converter — Live World Clock
            ",""
"https://www.globalsync-ai.com/time/austin-to-singapore","200","28364","Austin to Singapore Time Difference | GlobalSync AI","https://www.globalsync-ai.com/time/austin-to-singapore","index, follow, max-snippet:-1, max-image-preview:large, max-video-preview:-1","1","
              Austin to Singapore Time Converter — Live World Clock
            ",""
"https://www.globalsync-ai.com/time/austin-to-sydney","200","28284","Austin to Sydney Time Difference | GlobalSync AI","https://www.globalsync-ai.com/time/austin-to-sydney","index, follow, max-snippet:-1, max-image-preview:large, max-video-preview:-1","1","
              Austin to Sydney Time Converter — Live World Clock
            ",""
"https://www.globalsync-ai.com/time/austin-to-tokyo","200","28217","Austin to Tokyo Time Difference | GlobalSync AI","https://www.globalsync-ai.com/time/austin-to-tokyo","index, follow, max-snippet:-1, max-image-preview:large, max-video-preview:-1","1","
              Austin to Tokyo Time Converter — Live World Clock
            ",""
"https://www.globalsync-ai.com/time/bali-to-austin","200","28204","Bali to Austin Time Difference | GlobalSync AI","https://www.globalsync-ai.com/time/bali-to-austin","index, follow, max-snippet:-1, max-image-preview:large, max-video-preview:-1","1","
              Bali to Austin Time Converter — Live World Clock
            ",""
"https://www.globalsync-ai.com/time/bali-to-berlin","200","28220","Bali to Berlin Time Difference | GlobalSync AI","https://www.globalsync-ai.com/time/bali-to-berlin","index, follow, max-snippet:-1, max-image-preview:large, max-video-preview:-1","1","
              Bali to Berlin Time Converter — Live World Clock
            ",""
"https://www.globalsync-ai.com/time/bali-to-dubai","200","28164","Bali to Dubai Time Difference | GlobalSync AI","https://www.globalsync-ai.com/time/bali-to-dubai","index, follow, max-snippet:-1, max-image-preview:large, max-video-preview:-1","1","
              Bali to Dubai Time Converter — Live World Clock
            ",""
"https://www.globalsync-ai.com/time/bali-to-lisbon","200","28225","Bali to Lisbon Time Difference | GlobalSync AI","https://www.globalsync-ai.com/time/bali-to-lisbon","index, follow, max-snippet:-1, max-image-preview:large, max-video-preview:-1","1","
              Bali to Lisbon Time Converter — Live World Clock
            ",""
"https://www.globalsync-ai.com/time/bali-to-london","200","28042","Bali to London Time Difference | GlobalSync AI","https://www.globalsync-ai.com/time/bali-to-london","index, follow, max-snippet:-1, max-image-preview:large, max-video-preview:-1","1","
              Bali to London Time Converter — Live World Clock
            ",""
"https://www.globalsync-ai.com/time/bali-to-mumbai","200","28199","Bali to Mumbai Time Difference | GlobalSync AI","https://www.globalsync-ai.com/time/bali-to-mumbai","index, follow, max-snippet:-1, max-image-preview:large, max-video-preview:-1","1","
              Bali to Mumbai Time Converter — Live World Clock
            ",""
"https://www.globalsync-ai.com/time/bali-to-new-york","200","28285","Bali to New York Time Difference | GlobalSync AI","https://www.globalsync-ai.com/time/bali-to-new-york","index, follow, max-snippet:-1, max-image-preview:large, max-video-preview:-1","1","
              Bali to New York Time Converter — Live World Clock
            ",""
"https://www.globalsync-ai.com/time/bali-to-san-francisco","200","28440","Bali to San Francisco Time Difference | GlobalSync AI","https://www.globalsync-ai.com/time/bali-to-san-francisco","index, follow, max-snippet:-1, max-image-preview:large, max-video-preview:-1","1","
              Bali to San Francisco Time Converter — Live World Clock
            ",""
"https://www.globalsync-ai.com/time/bali-to-singapore","200","28309","Bali to Singapore Time Difference | GlobalSync AI","https://www.globalsync-ai.com/time/bali-to-singapore","index, follow, max-snippet:-1, max-image-preview:large, max-video-preview:-1","1","
              Bali to Singapore Time Converter — Live World Clock
            ",""
"https://www.globalsync-ai.com/time/bali-to-sydney","200","28229","Bali to Sydney Time Difference | GlobalSync AI","https://www.globalsync-ai.com/time/bali-to-sydney","index, follow, max-snippet:-1, max-image-preview:large, max-video-preview:-1","1","
              Bali to Sydney Time Converter — Live World Clock
            ",""
"https://www.globalsync-ai.com/time/bali-to-tokyo","200","28162","Bali to Tokyo Time Difference | GlobalSync AI","https://www.globalsync-ai.com/time/bali-to-tokyo","index, follow, max-snippet:-1, max-image-preview:large, max-video-preview:-1","1","
              Bali to Tokyo Time Converter — Live World Clock
            ",""
"https://www.globalsync-ai.com/time/berlin-to-austin","200","28275","Berlin to Austin Time Difference | GlobalSync AI","https://www.globalsync-ai.com/time/berlin-to-austin","index, follow, max-snippet:-1, max-image-preview:large, max-video-preview:-1","1","
              Berlin to Austin Time Converter — Live World Clock
            ",""
"https://www.globalsync-ai.com/time/berlin-to-bali","200","28220","Berlin to Bali Time Difference | GlobalSync AI","https://www.globalsync-ai.com/time/berlin-to-bali","index, follow, max-snippet:-1, max-image-preview:large, max-video-preview:-1","1","
              Berlin to Bali Time Converter — Live World Clock
            ",""
"https://www.globalsync-ai.com/time/berlin-to-dubai","200","28235","Berlin to Dubai Time Difference | GlobalSync AI","https://www.globalsync-ai.com/time/berlin-to-dubai","index, follow, max-snippet:-1, max-image-preview:large, max-video-preview:-1","1","
              Berlin to Dubai Time Converter — Live World Clock
            ",""
"https://www.globalsync-ai.com/time/berlin-to-lisbon","200","28296","Berlin to Lisbon Time Difference | GlobalSync AI","https://www.globalsync-ai.com/time/berlin-to-lisbon","index, follow, max-snippet:-1, max-image-preview:large, max-video-preview:-1","1","
              Berlin to Lisbon Time Converter — Live World Clock
            ",""
"https://www.globalsync-ai.com/time/berlin-to-london","200","28276","Berlin to London Time Difference | GlobalSync AI","https://www.globalsync-ai.com/time/berlin-to-london","index, follow, max-snippet:-1, max-image-preview:large, max-video-preview:-1","1","
              Berlin to London Time Converter — Live World Clock
            ",""
"https://www.globalsync-ai.com/time/berlin-to-mumbai","200","28270","Berlin to Mumbai Time Difference | GlobalSync AI","https://www.globalsync-ai.com/time/berlin-to-mumbai","index, follow, max-snippet:-1, max-image-preview:large, max-video-preview:-1","1","
              Berlin to Mumbai Time Converter — Live World Clock
            ",""
"https://www.globalsync-ai.com/time/berlin-to-new-york","200","28356","Berlin to New York Time Difference | GlobalSync AI","https://www.globalsync-ai.com/time/berlin-to-new-york","index, follow, max-snippet:-1, max-image-preview:large, max-video-preview:-1","1","
              Berlin to New York Time Converter — Live World Clock
            ",""
"https://www.globalsync-ai.com/time/berlin-to-san-francisco","200","28511","Berlin to San Francisco Time Difference | GlobalSync AI","https://www.globalsync-ai.com/time/berlin-to-san-francisco","index, follow, max-snippet:-1, max-image-preview:large, max-video-preview:-1","1","
              Berlin to San Francisco Time Converter — Live World Clock
            ",""
"https://www.globalsync-ai.com/time/berlin-to-singapore","200","28380","Berlin to Singapore Time Difference | GlobalSync AI","https://www.globalsync-ai.com/time/berlin-to-singapore","index, follow, max-snippet:-1, max-image-preview:large, max-video-preview:-1","1","
              Berlin to Singapore Time Converter — Live World Clock
            ",""
"https://www.globalsync-ai.com/time/berlin-to-sydney","200","28300","Berlin to Sydney Time Difference | GlobalSync AI","https://www.globalsync-ai.com/time/berlin-to-sydney","index, follow, max-snippet:-1, max-image-preview:large, max-video-preview:-1","1","
              Berlin to Sydney Time Converter — Live World Clock
            ",""
"https://www.globalsync-ai.com/time/berlin-to-tokyo","200","28233","Berlin to Tokyo Time Difference | GlobalSync AI","https://www.globalsync-ai.com/time/berlin-to-tokyo","index, follow, max-snippet:-1, max-image-preview:large, max-video-preview:-1","1","
              Berlin to Tokyo Time Converter — Live World Clock
            ",""
"https://www.globalsync-ai.com/time/dubai-to-austin","200","28219","Dubai to Austin Time Difference | GlobalSync AI","https://www.globalsync-ai.com/time/dubai-to-austin","index, follow, max-snippet:-1, max-image-preview:large, max-video-preview:-1","1","
              Dubai to Austin Time Converter — Live World Clock
            ",""
"https://www.globalsync-ai.com/time/dubai-to-bali","200","28164","Dubai to Bali Time Difference | GlobalSync AI","https://www.globalsync-ai.com/time/dubai-to-bali","index, follow, max-snippet:-1, max-image-preview:large, max-video-preview:-1","1","
              Dubai to Bali Time Converter — Live World Clock
            ",""
"https://www.globalsync-ai.com/time/dubai-to-berlin","200","28235","Dubai to Berlin Time Difference | GlobalSync AI","https://www.globalsync-ai.com/time/dubai-to-berlin","index, follow, max-snippet:-1, max-image-preview:large, max-video-preview:-1","1","
              Dubai to Berlin Time Converter — Live World Clock
            ",""
"https://www.globalsync-ai.com/time/dubai-to-lisbon","200","28240","Dubai to Lisbon Time Difference | GlobalSync AI","https://www.globalsync-ai.com/time/dubai-to-lisbon","index, follow, max-snippet:-1, max-image-preview:large, max-video-preview:-1","1","
              Dubai to Lisbon Time Converter — Live World Clock
            ",""
"https://www.globalsync-ai.com/time/dubai-to-london","200","28220","Dubai to London Time Difference | GlobalSync AI","https://www.globalsync-ai.com/time/dubai-to-london","index, follow, max-snippet:-1, max-image-preview:large, max-video-preview:-1","1","
              Dubai to London Time Converter — Live World Clock
            ",""
"https://www.globalsync-ai.com/time/dubai-to-mumbai","200","28521","Dubai to Mumbai Time Difference | GlobalSync AI","https://www.globalsync-ai.com/time/dubai-to-mumbai","index, follow, max-snippet:-1, max-image-preview:large, max-video-preview:-1","1","
              Dubai to Mumbai Time Converter — Live World Clock
            ",""
"https://www.globalsync-ai.com/time/dubai-to-new-york","200","28300","Dubai to New York Time Difference | GlobalSync AI","https://www.globalsync-ai.com/time/dubai-to-new-york","index, follow, max-snippet:-1, max-image-preview:large, max-video-preview:-1","1","
              Dubai to New York Time Converter — Live World Clock
            ",""
"https://www.globalsync-ai.com/time/dubai-to-san-francisco","0",,,,,,,"The SSL connection could not be established, see inner exception."
"https://www.globalsync-ai.com/time/dubai-to-singapore","200","28324","Dubai to Singapore Time Difference | GlobalSync AI","https://www.globalsync-ai.com/time/dubai-to-singapore","index, follow, max-snippet:-1, max-image-preview:large, max-video-preview:-1","1","
              Dubai to Singapore Time Converter — Live World Clock
            ",""
"https://www.globalsync-ai.com/time/dubai-to-sydney","200","28244","Dubai to Sydney Time Difference | GlobalSync AI","https://www.globalsync-ai.com/time/dubai-to-sydney","index, follow, max-snippet:-1, max-image-preview:large, max-video-preview:-1","1","
              Dubai to Sydney Time Converter — Live World Clock
            ",""
"https://www.globalsync-ai.com/time/dubai-to-tokyo","200","28177","Dubai to Tokyo Time Difference | GlobalSync AI","https://www.globalsync-ai.com/time/dubai-to-tokyo","index, follow, max-snippet:-1, max-image-preview:large, max-video-preview:-1","1","
              Dubai to Tokyo Time Converter — Live World Clock
            ",""
"https://www.globalsync-ai.com/time/lisbon-to-austin","200","28280","Lisbon to Austin Time Difference | GlobalSync AI","https://www.globalsync-ai.com/time/lisbon-to-austin","index, follow, max-snippet:-1, max-image-preview:large, max-video-preview:-1","1","
              Lisbon to Austin Time Converter — Live World Clock
            ",""
"https://www.globalsync-ai.com/time/lisbon-to-bali","200","28225","Lisbon to Bali Time Difference | GlobalSync AI","https://www.globalsync-ai.com/time/lisbon-to-bali","index, follow, max-snippet:-1, max-image-preview:large, max-video-preview:-1","1","
              Lisbon to Bali Time Converter — Live World Clock
            ",""
"https://www.globalsync-ai.com/time/lisbon-to-berlin","200","28296","Lisbon to Berlin Time Difference | GlobalSync AI","https://www.globalsync-ai.com/time/lisbon-to-berlin","index, follow, max-snippet:-1, max-image-preview:large, max-video-preview:-1","1","
              Lisbon to Berlin Time Converter — Live World Clock
            ",""
"https://www.globalsync-ai.com/time/lisbon-to-dubai","200","28240","Lisbon to Dubai Time Difference | GlobalSync AI","https://www.globalsync-ai.com/time/lisbon-to-dubai","index, follow, max-snippet:-1, max-image-preview:large, max-video-preview:-1","1","
              Lisbon to Dubai Time Converter — Live World Clock
            ",""
"https://www.globalsync-ai.com/time/lisbon-to-london","200","28281","Lisbon to London Time Difference | GlobalSync AI","https://www.globalsync-ai.com/time/lisbon-to-london","index, follow, max-snippet:-1, max-image-preview:large, max-video-preview:-1","1","
              Lisbon to London Time Converter — Live World Clock
            ",""
"https://www.globalsync-ai.com/time/lisbon-to-mumbai","200","28275","Lisbon to Mumbai Time Difference | GlobalSync AI","https://www.globalsync-ai.com/time/lisbon-to-mumbai","index, follow, max-snippet:-1, max-image-preview:large, max-video-preview:-1","1","
              Lisbon to Mumbai Time Converter — Live World Clock
            ",""
"https://www.globalsync-ai.com/time/lisbon-to-new-york","200","28241","Lisbon to New York Time Difference | GlobalSync AI","https://www.globalsync-ai.com/time/lisbon-to-new-york","index, follow, max-snippet:-1, max-image-preview:large, max-video-preview:-1","1","
              Lisbon to New York Time Converter — Live World Clock
            ",""
"https://www.globalsync-ai.com/time/lisbon-to-san-francisco","200","28516","Lisbon to San Francisco Time Difference | GlobalSync AI","https://www.globalsync-ai.com/time/lisbon-to-san-francisco","index, follow, max-snippet:-1, max-image-preview:large, max-video-preview:-1","1","
              Lisbon to San Francisco Time Converter — Live World Clock
            ",""
"https://www.globalsync-ai.com/time/lisbon-to-singapore","200","28385","Lisbon to Singapore Time Difference | GlobalSync AI","https://www.globalsync-ai.com/time/lisbon-to-singapore","index, follow, max-snippet:-1, max-image-preview:large, max-video-preview:-1","1","
              Lisbon to Singapore Time Converter — Live World Clock
            ",""
"https://www.globalsync-ai.com/time/lisbon-to-sydney","200","28305","Lisbon to Sydney Time Difference | GlobalSync AI","https://www.globalsync-ai.com/time/lisbon-to-sydney","index, follow, max-snippet:-1, max-image-preview:large, max-video-preview:-1","1","
              Lisbon to Sydney Time Converter — Live World Clock
            ",""
"https://www.globalsync-ai.com/time/lisbon-to-tokyo","200","28238","Lisbon to Tokyo Time Difference | GlobalSync AI","https://www.globalsync-ai.com/time/lisbon-to-tokyo","index, follow, max-snippet:-1, max-image-preview:large, max-video-preview:-1","1","
              Lisbon to Tokyo Time Converter — Live World Clock
            ",""
"https://www.globalsync-ai.com/time/london-to-austin","200","28260","London to Austin Time Difference | GlobalSync AI","https://www.globalsync-ai.com/time/london-to-austin","index, follow, max-snippet:-1, max-image-preview:large, max-video-preview:-1","1","
              London to Austin Time Converter — Live World Clock
            ",""
"https://www.globalsync-ai.com/time/london-to-bali","200","28205","London to Bali Time Difference | GlobalSync AI","https://www.globalsync-ai.com/time/london-to-bali","index, follow, max-snippet:-1, max-image-preview:large, max-video-preview:-1","1","
              London to Bali Time Converter — Live World Clock
            ",""
"https://www.globalsync-ai.com/time/london-to-berlin","200","28276","London to Berlin Time Difference | GlobalSync AI","https://www.globalsync-ai.com/time/london-to-berlin","index, follow, max-snippet:-1, max-image-preview:large, max-video-preview:-1","1","
              London to Berlin Time Converter — Live World Clock
            ",""
"https://www.globalsync-ai.com/time/london-to-dubai","200","28014","London to Dubai Time Difference | GlobalSync AI","https://www.globalsync-ai.com/time/london-to-dubai","index, follow, max-snippet:-1, max-image-preview:large, max-video-preview:-1","1","
              London to Dubai Time Converter — Live World Clock
            ",""
"https://www.globalsync-ai.com/time/london-to-lisbon","200","28281","London to Lisbon Time Difference | GlobalSync AI","https://www.globalsync-ai.com/time/london-to-lisbon","index, follow, max-snippet:-1, max-image-preview:large, max-video-preview:-1","1","
              London to Lisbon Time Converter — Live World Clock
            ",""
"https://www.globalsync-ai.com/time/london-to-mumbai","200","28255","London to Mumbai Time Difference | GlobalSync AI","https://www.globalsync-ai.com/time/london-to-mumbai","index, follow, max-snippet:-1, max-image-preview:large, max-video-preview:-1","1","
              London to Mumbai Time Converter — Live World Clock
            ",""
"https://www.globalsync-ai.com/time/london-to-new-york","200","28341","London to New York Time Difference | GlobalSync AI","https://www.globalsync-ai.com/time/london-to-new-york","index, follow, max-snippet:-1, max-image-preview:large, max-video-preview:-1","1","
              London to New York Time Converter — Live World Clock
            ",""
"https://www.globalsync-ai.com/time/london-to-san-francisco","200","28496","London to San Francisco Time Difference | GlobalSync AI","https://www.globalsync-ai.com/time/london-to-san-francisco","index, follow, max-snippet:-1, max-image-preview:large, max-video-preview:-1","1","
              London to San Francisco Time Converter — Live World Clock
            ",""
"https://www.globalsync-ai.com/time/london-to-singapore","200","28365","London to Singapore Time Difference | GlobalSync AI","https://www.globalsync-ai.com/time/london-to-singapore","index, follow, max-snippet:-1, max-image-preview:large, max-video-preview:-1","1","
              London to Singapore Time Converter — Live World Clock
            ",""
"https://www.globalsync-ai.com/time/london-to-sydney","200","28285","London to Sydney Time Difference | GlobalSync AI","https://www.globalsync-ai.com/time/london-to-sydney","index, follow, max-snippet:-1, max-image-preview:large, max-video-preview:-1","1","
              London to Sydney Time Converter — Live World Clock
            ",""
"https://www.globalsync-ai.com/time/london-to-tokyo","200","28831","London to Tokyo Time Difference | GlobalSync AI","https://www.globalsync-ai.com/time/london-to-tokyo","index, follow, max-snippet:-1, max-image-preview:large, max-video-preview:-1","1","
              London to Tokyo Time Converter — Live World Clock
            ",""
"https://www.globalsync-ai.com/time/mumbai-to-austin","200","28254","Mumbai to Austin Time Difference | GlobalSync AI","https://www.globalsync-ai.com/time/mumbai-to-austin","index, follow, max-snippet:-1, max-image-preview:large, max-video-preview:-1","1","
              Mumbai to Austin Time Converter — Live World Clock
            ",""
"https://www.globalsync-ai.com/time/mumbai-to-bali","200","28199","Mumbai to Bali Time Difference | GlobalSync AI","https://www.globalsync-ai.com/time/mumbai-to-bali","index, follow, max-snippet:-1, max-image-preview:large, max-video-preview:-1","1","
              Mumbai to Bali Time Converter — Live World Clock
            ",""
"https://www.globalsync-ai.com/time/mumbai-to-berlin","200","28270","Mumbai to Berlin Time Difference | GlobalSync AI","https://www.globalsync-ai.com/time/mumbai-to-berlin","index, follow, max-snippet:-1, max-image-preview:large, max-video-preview:-1","1","
              Mumbai to Berlin Time Converter — Live World Clock
            ",""
"https://www.globalsync-ai.com/time/mumbai-to-dubai","200","28214","Mumbai to Dubai Time Difference | GlobalSync AI","https://www.globalsync-ai.com/time/mumbai-to-dubai","index, follow, max-snippet:-1, max-image-preview:large, max-video-preview:-1","1","
              Mumbai to Dubai Time Converter — Live World Clock
            ",""
"https://www.globalsync-ai.com/time/mumbai-to-lisbon","200","28275","Mumbai to Lisbon Time Difference | GlobalSync AI","https://www.globalsync-ai.com/time/mumbai-to-lisbon","index, follow, max-snippet:-1, max-image-preview:large, max-video-preview:-1","1","
              Mumbai to Lisbon Time Converter — Live World Clock
            ",""
"https://www.globalsync-ai.com/time/mumbai-to-london","200","28255","Mumbai to London Time Difference | GlobalSync AI","https://www.globalsync-ai.com/time/mumbai-to-london","index, follow, max-snippet:-1, max-image-preview:large, max-video-preview:-1","1","
              Mumbai to London Time Converter — Live World Clock
            ",""
"https://www.globalsync-ai.com/time/mumbai-to-new-york","200","28335","Mumbai to New York Time Difference | GlobalSync AI","https://www.globalsync-ai.com/time/mumbai-to-new-york","index, follow, max-snippet:-1, max-image-preview:large, max-video-preview:-1","1","
              Mumbai to New York Time Converter — Live World Clock
            ",""
"https://www.globalsync-ai.com/time/mumbai-to-san-francisco","200","28490","Mumbai to San Francisco Time Difference | GlobalSync AI","https://www.globalsync-ai.com/time/mumbai-to-san-francisco","index, follow, max-snippet:-1, max-image-preview:large, max-video-preview:-1","1","
              Mumbai to San Francisco Time Converter — Live World Clock
            ",""
"https://www.globalsync-ai.com/time/mumbai-to-singapore","200","28359","Mumbai to Singapore Time Difference | GlobalSync AI","https://www.globalsync-ai.com/time/mumbai-to-singapore","index, follow, max-snippet:-1, max-image-preview:large, max-video-preview:-1","1","
              Mumbai to Singapore Time Converter — Live World Clock
            ",""
"https://www.globalsync-ai.com/time/mumbai-to-sydney","200","28279","Mumbai to Sydney Time Difference | GlobalSync AI","https://www.globalsync-ai.com/time/mumbai-to-sydney","index, follow, max-snippet:-1, max-image-preview:large, max-video-preview:-1","1","
              Mumbai to Sydney Time Converter — Live World Clock
            ",""
"https://www.globalsync-ai.com/time/mumbai-to-tokyo","200","28212","Mumbai to Tokyo Time Difference | GlobalSync AI","https://www.globalsync-ai.com/time/mumbai-to-tokyo","index, follow, max-snippet:-1, max-image-preview:large, max-video-preview:-1","1","
              Mumbai to Tokyo Time Converter — Live World Clock
            ",""
"https://www.globalsync-ai.com/time/new-york-to-austin","200","28340","New York to Austin Time Difference | GlobalSync AI","https://www.globalsync-ai.com/time/new-york-to-austin","index, follow, max-snippet:-1, max-image-preview:large, max-video-preview:-1","1","
              New York to Austin Time Converter — Live World Clock
            ",""
"https://www.globalsync-ai.com/time/new-york-to-bali","200","28285","New York to Bali Time Difference | GlobalSync AI","https://www.globalsync-ai.com/time/new-york-to-bali","index, follow, max-snippet:-1, max-image-preview:large, max-video-preview:-1","1","
              New York to Bali Time Converter — Live World Clock
            ",""
"https://www.globalsync-ai.com/time/new-york-to-berlin","200","28356","New York to Berlin Time Difference | GlobalSync AI","https://www.globalsync-ai.com/time/new-york-to-berlin","index, follow, max-snippet:-1, max-image-preview:large, max-video-preview:-1","1","
              New York to Berlin Time Converter — Live World Clock
            ",""
"https://www.globalsync-ai.com/time/new-york-to-dubai","200","28076","New York to Dubai Time Difference | GlobalSync AI","https://www.globalsync-ai.com/time/new-york-to-dubai","index, follow, max-snippet:-1, max-image-preview:large, max-video-preview:-1","1","
              New York to Dubai Time Converter — Live World Clock
            ",""
"https://www.globalsync-ai.com/time/new-york-to-lisbon","200","28361","New York to Lisbon Time Difference | GlobalSync AI","https://www.globalsync-ai.com/time/new-york-to-lisbon","index, follow, max-snippet:-1, max-image-preview:large, max-video-preview:-1","1","
              New York to Lisbon Time Converter — Live World Clock
            ",""
"https://www.globalsync-ai.com/time/new-york-to-london","200","29087","New York to London Time Difference | GlobalSync AI","https://www.globalsync-ai.com/time/new-york-to-london","index, follow, max-snippet:-1, max-image-preview:large, max-video-preview:-1","1","
              New York to London Time Converter — Live World Clock
            ",""
"https://www.globalsync-ai.com/time/new-york-to-mumbai","200","28335","New York to Mumbai Time Difference | GlobalSync AI","https://www.globalsync-ai.com/time/new-york-to-mumbai","index, follow, max-snippet:-1, max-image-preview:large, max-video-preview:-1","1","
              New York to Mumbai Time Converter — Live World Clock
            ",""
"https://www.globalsync-ai.com/time/new-york-to-san-francisco","200","28576","New York to San Francisco Time Difference | GlobalSync AI","https://www.globalsync-ai.com/time/new-york-to-san-francisco","index, follow, max-snippet:-1, max-image-preview:large, max-video-preview:-1","1","
              New York to San Francisco Time Converter — Live World Clock
            ",""
"https://www.globalsync-ai.com/time/new-york-to-singapore","200","28445","New York to Singapore Time Difference | GlobalSync AI","https://www.globalsync-ai.com/time/new-york-to-singapore","index, follow, max-snippet:-1, max-image-preview:large, max-video-preview:-1","1","
              New York to Singapore Time Converter — Live World Clock
            ",""
"https://www.globalsync-ai.com/time/new-york-to-sydney","200","28365","New York to Sydney Time Difference | GlobalSync AI","https://www.globalsync-ai.com/time/new-york-to-sydney","index, follow, max-snippet:-1, max-image-preview:large, max-video-preview:-1","1","
              New York to Sydney Time Converter — Live World Clock
            ",""
"https://www.globalsync-ai.com/time/new-york-to-tokyo","200","28124","New York to Tokyo Time Difference | GlobalSync AI","https://www.globalsync-ai.com/time/new-york-to-tokyo","index, follow, max-snippet:-1, max-image-preview:large, max-video-preview:-1","1","
              New York to Tokyo Time Converter — Live World Clock
            ",""
"https://www.globalsync-ai.com/time/san-francisco-to-austin","200","28495","San Francisco to Austin Time Difference | GlobalSync AI","https://www.globalsync-ai.com/time/san-francisco-to-austin","index, follow, max-snippet:-1, max-image-preview:large, max-video-preview:-1","1","
              San Francisco to Austin Time Converter — Live World Clock
            ",""
"https://www.globalsync-ai.com/time/san-francisco-to-bali","200","28440","San Francisco to Bali Time Difference | GlobalSync AI","https://www.globalsync-ai.com/time/san-francisco-to-bali","index, follow, max-snippet:-1, max-image-preview:large, max-video-preview:-1","1","
              San Francisco to Bali Time Converter — Live World Clock
            ",""
"https://www.globalsync-ai.com/time/san-francisco-to-berlin","200","28511","San Francisco to Berlin Time Difference | GlobalSync AI","https://www.globalsync-ai.com/time/san-francisco-to-berlin","index, follow, max-snippet:-1, max-image-preview:large, max-video-preview:-1","1","
              San Francisco to Berlin Time Converter — Live World Clock
            ",""
"https://www.globalsync-ai.com/time/san-francisco-to-dubai","200","28455","San Francisco to Dubai Time Difference | GlobalSync AI","https://www.globalsync-ai.com/time/san-francisco-to-dubai","index, follow, max-snippet:-1, max-image-preview:large, max-video-preview:-1","1","
              San Francisco to Dubai Time Converter — Live World Clock
            ",""
"https://www.globalsync-ai.com/time/san-francisco-to-lisbon","200","28516","San Francisco to Lisbon Time Difference | GlobalSync AI","https://www.globalsync-ai.com/time/san-francisco-to-lisbon","index, follow, max-snippet:-1, max-image-preview:large, max-video-preview:-1","1","
              San Francisco to Lisbon Time Converter — Live World Clock
            ",""
"https://www.globalsync-ai.com/time/san-francisco-to-london","200","28496","San Francisco to London Time Difference | GlobalSync AI","https://www.globalsync-ai.com/time/san-francisco-to-london","index, follow, max-snippet:-1, max-image-preview:large, max-video-preview:-1","1","
              San Francisco to London Time Converter — Live World Clock
            ",""
"https://www.globalsync-ai.com/time/san-francisco-to-mumbai","200","28490","San Francisco to Mumbai Time Difference | GlobalSync AI","https://www.globalsync-ai.com/time/san-francisco-to-mumbai","index, follow, max-snippet:-1, max-image-preview:large, max-video-preview:-1","1","
              San Francisco to Mumbai Time Converter — Live World Clock
            ",""
"https://www.globalsync-ai.com/time/san-francisco-to-new-york","200","28920","San Francisco to New York Time Difference | GlobalSync AI","https://www.globalsync-ai.com/time/san-francisco-to-new-york","index, follow, max-snippet:-1, max-image-preview:large, max-video-preview:-1","1","
              San Francisco to New York Time Converter — Live World Clock
            ",""
"https://www.globalsync-ai.com/time/san-francisco-to-singapore","200","28600","San Francisco to Singapore Time Difference | GlobalSync AI","https://www.globalsync-ai.com/time/san-francisco-to-singapore","index, follow, max-snippet:-1, max-image-preview:large, max-video-preview:-1","1","
              San Francisco to Singapore Time Converter — Live World Clock
            ",""
"https://www.globalsync-ai.com/time/san-francisco-to-sydney","200","28520","San Francisco to Sydney Time Difference | GlobalSync AI","https://www.globalsync-ai.com/time/san-francisco-to-sydney","index, follow, max-snippet:-1, max-image-preview:large, max-video-preview:-1","1","
              San Francisco to Sydney Time Converter — Live World Clock
            ",""
"https://www.globalsync-ai.com/time/san-francisco-to-tokyo","200","28453","San Francisco to Tokyo Time Difference | GlobalSync AI","https://www.globalsync-ai.com/time/san-francisco-to-tokyo","index, follow, max-snippet:-1, max-image-preview:large, max-video-preview:-1","1","
              San Francisco to Tokyo Time Converter — Live World Clock
            ",""
"https://www.globalsync-ai.com/time/singapore-to-austin","200","28364","Singapore to Austin Time Difference | GlobalSync AI","https://www.globalsync-ai.com/time/singapore-to-austin","index, follow, max-snippet:-1, max-image-preview:large, max-video-preview:-1","1","
              Singapore to Austin Time Converter — Live World Clock
            ",""
"https://www.globalsync-ai.com/time/singapore-to-bali","200","28309","Singapore to Bali Time Difference | GlobalSync AI","https://www.globalsync-ai.com/time/singapore-to-bali","index, follow, max-snippet:-1, max-image-preview:large, max-video-preview:-1","1","
              Singapore to Bali Time Converter — Live World Clock
            ",""
"https://www.globalsync-ai.com/time/singapore-to-berlin","200","28380","Singapore to Berlin Time Difference | GlobalSync AI","https://www.globalsync-ai.com/time/singapore-to-berlin","index, follow, max-snippet:-1, max-image-preview:large, max-video-preview:-1","1","
              Singapore to Berlin Time Converter — Live World Clock
            ",""
"https://www.globalsync-ai.com/time/singapore-to-dubai","200","28324","Singapore to Dubai Time Difference | GlobalSync AI","https://www.globalsync-ai.com/time/singapore-to-dubai","index, follow, max-snippet:-1, max-image-preview:large, max-video-preview:-1","1","
              Singapore to Dubai Time Converter — Live World Clock
            ",""
"https://www.globalsync-ai.com/time/singapore-to-lisbon","200","28385","Singapore to Lisbon Time Difference | GlobalSync AI","https://www.globalsync-ai.com/time/singapore-to-lisbon","index, follow, max-snippet:-1, max-image-preview:large, max-video-preview:-1","1","
              Singapore to Lisbon Time Converter — Live World Clock
            ",""
"https://www.globalsync-ai.com/time/singapore-to-london","200","28365","Singapore to London Time Difference | GlobalSync AI","https://www.globalsync-ai.com/time/singapore-to-london","index, follow, max-snippet:-1, max-image-preview:large, max-video-preview:-1","1","
              Singapore to London Time Converter — Live World Clock
            ",""
"https://www.globalsync-ai.com/time/singapore-to-mumbai","200","28359","Singapore to Mumbai Time Difference | GlobalSync AI","https://www.globalsync-ai.com/time/singapore-to-mumbai","index, follow, max-snippet:-1, max-image-preview:large, max-video-preview:-1","1","
              Singapore to Mumbai Time Converter — Live World Clock
            ",""
"https://www.globalsync-ai.com/time/singapore-to-new-york","200","28445","Singapore to New York Time Difference | GlobalSync AI","https://www.globalsync-ai.com/time/singapore-to-new-york","index, follow, max-snippet:-1, max-image-preview:large, max-video-preview:-1","1","
              Singapore to New York Time Converter — Live World Clock
            ",""
"https://www.globalsync-ai.com/time/singapore-to-san-francisco","200","28600","Singapore to San Francisco Time Difference | GlobalSync AI","https://www.globalsync-ai.com/time/singapore-to-san-francisco","index, follow, max-snippet:-1, max-image-preview:large, max-video-preview:-1","1","
              Singapore to San Francisco Time Converter — Live World Clock
            ",""
"https://www.globalsync-ai.com/time/singapore-to-sydney","200","28389","Singapore to Sydney Time Difference | GlobalSync AI","https://www.globalsync-ai.com/time/singapore-to-sydney","index, follow, max-snippet:-1, max-image-preview:large, max-video-preview:-1","1","
              Singapore to Sydney Time Converter — Live World Clock
            ",""
"https://www.globalsync-ai.com/time/singapore-to-tokyo","200","28322","Singapore to Tokyo Time Difference | GlobalSync AI","https://www.globalsync-ai.com/time/singapore-to-tokyo","index, follow, max-snippet:-1, max-image-preview:large, max-video-preview:-1","1","
              Singapore to Tokyo Time Converter — Live World Clock
            ",""
"https://www.globalsync-ai.com/time/sydney-to-austin","200","28284","Sydney to Austin Time Difference | GlobalSync AI","https://www.globalsync-ai.com/time/sydney-to-austin","index, follow, max-snippet:-1, max-image-preview:large, max-video-preview:-1","1","
              Sydney to Austin Time Converter — Live World Clock
            ",""
"https://www.globalsync-ai.com/time/sydney-to-bali","200","28229","Sydney to Bali Time Difference | GlobalSync AI","https://www.globalsync-ai.com/time/sydney-to-bali","index, follow, max-snippet:-1, max-image-preview:large, max-video-preview:-1","1","
              Sydney to Bali Time Converter — Live World Clock
            ",""
"https://www.globalsync-ai.com/time/sydney-to-berlin","200","28300","Sydney to Berlin Time Difference | GlobalSync AI","https://www.globalsync-ai.com/time/sydney-to-berlin","index, follow, max-snippet:-1, max-image-preview:large, max-video-preview:-1","1","
              Sydney to Berlin Time Converter — Live World Clock
            ",""
"https://www.globalsync-ai.com/time/sydney-to-dubai","200","28244","Sydney to Dubai Time Difference | GlobalSync AI","https://www.globalsync-ai.com/time/sydney-to-dubai","index, follow, max-snippet:-1, max-image-preview:large, max-video-preview:-1","1","
              Sydney to Dubai Time Converter — Live World Clock
            ",""
"https://www.globalsync-ai.com/time/sydney-to-lisbon","200","28305","Sydney to Lisbon Time Difference | GlobalSync AI","https://www.globalsync-ai.com/time/sydney-to-lisbon","index, follow, max-snippet:-1, max-image-preview:large, max-video-preview:-1","1","
              Sydney to Lisbon Time Converter — Live World Clock
            ",""
"https://www.globalsync-ai.com/time/sydney-to-london","200","28285","Sydney to London Time Difference | GlobalSync AI","https://www.globalsync-ai.com/time/sydney-to-london","index, follow, max-snippet:-1, max-image-preview:large, max-video-preview:-1","1","
              Sydney to London Time Converter — Live World Clock
            ",""
"https://www.globalsync-ai.com/time/sydney-to-mumbai","200","28279","Sydney to Mumbai Time Difference | GlobalSync AI","https://www.globalsync-ai.com/time/sydney-to-mumbai","index, follow, max-snippet:-1, max-image-preview:large, max-video-preview:-1","1","
              Sydney to Mumbai Time Converter — Live World Clock
            ",""
"https://www.globalsync-ai.com/time/sydney-to-new-york","200","28365","Sydney to New York Time Difference | GlobalSync AI","https://www.globalsync-ai.com/time/sydney-to-new-york","index, follow, max-snippet:-1, max-image-preview:large, max-video-preview:-1","1","
              Sydney to New York Time Converter — Live World Clock
            ",""
"https://www.globalsync-ai.com/time/sydney-to-san-francisco","200","28520","Sydney to San Francisco Time Difference | GlobalSync AI","https://www.globalsync-ai.com/time/sydney-to-san-francisco","index, follow, max-snippet:-1, max-image-preview:large, max-video-preview:-1","1","
              Sydney to San Francisco Time Converter — Live World Clock
            ",""
"https://www.globalsync-ai.com/time/sydney-to-singapore","200","28389","Sydney to Singapore Time Difference | GlobalSync AI","https://www.globalsync-ai.com/time/sydney-to-singapore","index, follow, max-snippet:-1, max-image-preview:large, max-video-preview:-1","1","
              Sydney to Singapore Time Converter — Live World Clock
            ",""
"https://www.globalsync-ai.com/time/sydney-to-tokyo","200","28242","Sydney to Tokyo Time Difference | GlobalSync AI","https://www.globalsync-ai.com/time/sydney-to-tokyo","index, follow, max-snippet:-1, max-image-preview:large, max-video-preview:-1","1","
              Sydney to Tokyo Time Converter — Live World Clock
            ",""
"https://www.globalsync-ai.com/time/tokyo-to-austin","200","28217","Tokyo to Austin Time Difference | GlobalSync AI","https://www.globalsync-ai.com/time/tokyo-to-austin","index, follow, max-snippet:-1, max-image-preview:large, max-video-preview:-1","1","
              Tokyo to Austin Time Converter — Live World Clock
            ",""
"https://www.globalsync-ai.com/time/tokyo-to-bali","200","28162","Tokyo to Bali Time Difference | GlobalSync AI","https://www.globalsync-ai.com/time/tokyo-to-bali","index, follow, max-snippet:-1, max-image-preview:large, max-video-preview:-1","1","
              Tokyo to Bali Time Converter — Live World Clock
            ",""
"https://www.globalsync-ai.com/time/tokyo-to-berlin","200","28233","Tokyo to Berlin Time Difference | GlobalSync AI","https://www.globalsync-ai.com/time/tokyo-to-berlin","index, follow, max-snippet:-1, max-image-preview:large, max-video-preview:-1","1","
              Tokyo to Berlin Time Converter — Live World Clock
            ",""
"https://www.globalsync-ai.com/time/tokyo-to-dubai","200","28177","Tokyo to Dubai Time Difference | GlobalSync AI","https://www.globalsync-ai.com/time/tokyo-to-dubai","index, follow, max-snippet:-1, max-image-preview:large, max-video-preview:-1","1","
              Tokyo to Dubai Time Converter — Live World Clock
            ",""
"https://www.globalsync-ai.com/time/tokyo-to-lisbon","200","28238","Tokyo to Lisbon Time Difference | GlobalSync AI","https://www.globalsync-ai.com/time/tokyo-to-lisbon","index, follow, max-snippet:-1, max-image-preview:large, max-video-preview:-1","1","
              Tokyo to Lisbon Time Converter — Live World Clock
            ",""
"https://www.globalsync-ai.com/time/tokyo-to-london","200","28218","Tokyo to London Time Difference | GlobalSync AI","https://www.globalsync-ai.com/time/tokyo-to-london","index, follow, max-snippet:-1, max-image-preview:large, max-video-preview:-1","1","
              Tokyo to London Time Converter — Live World Clock
            ",""
"https://www.globalsync-ai.com/time/tokyo-to-mumbai","200","28212","Tokyo to Mumbai Time Difference | GlobalSync AI","https://www.globalsync-ai.com/time/tokyo-to-mumbai","index, follow, max-snippet:-1, max-image-preview:large, max-video-preview:-1","1","
              Tokyo to Mumbai Time Converter — Live World Clock
            ",""
"https://www.globalsync-ai.com/time/tokyo-to-new-york","200","28298","Tokyo to New York Time Difference | GlobalSync AI","https://www.globalsync-ai.com/time/tokyo-to-new-york","index, follow, max-snippet:-1, max-image-preview:large, max-video-preview:-1","1","
              Tokyo to New York Time Converter — Live World Clock
            ",""
"https://www.globalsync-ai.com/time/tokyo-to-san-francisco","200","28453","Tokyo to San Francisco Time Difference | GlobalSync AI","https://www.globalsync-ai.com/time/tokyo-to-san-francisco","index, follow, max-snippet:-1, max-image-preview:large, max-video-preview:-1","1","
              Tokyo to San Francisco Time Converter — Live World Clock
            ",""
"https://www.globalsync-ai.com/time/tokyo-to-singapore","200","28322","Tokyo to Singapore Time Difference | GlobalSync AI","https://www.globalsync-ai.com/time/tokyo-to-singapore","index, follow, max-snippet:-1, max-image-preview:large, max-video-preview:-1","1","
              Tokyo to Singapore Time Converter — Live World Clock
            ",""
"https://www.globalsync-ai.com/time/tokyo-to-sydney","200","28242","Tokyo to Sydney Time Difference | GlobalSync AI","https://www.globalsync-ai.com/time/tokyo-to-sydney","index, follow, max-snippet:-1, max-image-preview:large, max-video-preview:-1","1","
              Tokyo to Sydney Time Converter — Live World Clock
            ",""
"https://www.globalsync-ai.com/upgrade-success","200","13274","Upgrade Completed | GlobalSync AI","https://www.globalsync-ai.com/upgrade-success","noindex, nofollow","1","
          GlobalSync Pro Activated!
        ",""
"https://www.globalsync-ai.com/us-india-meeting-time","200","14804","US &amp; India Meeting Times | GlobalSync AI","https://www.globalsync-ai.com/us-india-meeting-time","index, follow, max-snippet:-1, max-image-preview:large, max-video-preview:-1","1","
          US & India Meeting Times
        ",""
